#------------------------------------------------- WARNING --------------------------------------------|||||||||||||
# |||||||||||||
# The data you have obtained from this automated Natural Resources Conservation Service |||||||||||||
# database are subject to revision regardless of indicated Quality Assurance level. |||||||||||||
# Data are released on condition that neither the NRCS nor the United States Government |||||||||||||
# may be held liable for any damages resulting from its use. |||||||||||||
# |||||||||||||
# SNOTEL air temperature data contains a known bias. This bias is rooted in the sensor |||||||||||||
# conversion equation and varies through the output range. Solutions are in development. |||||||||||||
# For more information go to Air Temperature Bias Correction. |||||||||||||
# |||||||||||||
# Help and Tutorials: https://www.nrcs.usda.gov/sites/default/files/2023-03/Report%20Generator%20Help%20Guide.pdf|||||||||||||
# Air Temperature Bias Correction: https://www.nrcs.usda.gov/wps/portal/wcc/home/snowClimateMonitoring/temperature/temperatureBiasCorrection/|||||||||||||
# |||||||||||||
# Support Contact: usdafpacbc@servicenowservices.com|||||||||||||
# |||||||||||||
#------------------------------------------------------------------------------------------------------|||||||||||||
# |||||||||||||
# Reporting Frequency: Daily|||||||||||||
# Date Range: Period of Record|||||||||||||
#|||||||||||||
# Data for the following site(s) are contained in this file:|||||||||||||
#|||||||||||||
"#	SNOTEL 1177: Prudhoe Bay"| AK||||||||||||
# |||||||||||||
# Data items provided in this file:|||||||||||||
#|||||||||||||
# Element Name             Value Type  Function Type  Function Duration  Base Data  Measurement Units   Sensor Depth  Element Code  Description                                              |||||||||||||
# Air Temperature Minimum  Value       None           Day                N/A        Degrees fahrenheit  N/A           TMIN          Minimum air temperature - sub-hourly sampling frequency  |||||||||||||
# |||||||||||||
# Quality Control flags included:|||||||||||||
#|||||||||||||
# Flag    Name                Description|||||||||||||
#  V      Valid               Validated Data|||||||||||||
#  N      No Profile          No profile for automated validation|||||||||||||
#  E      Edit                Edit| minor adjustment for sensor noise||||||||||||
#  B      Back Estimate       Regression-based estimate for homogenizing collocated Snow Course and Snow Pillow data sets|||||||||||||
#  K      Estimate            Estimate|||||||||||||
#  X      External Estimate   External estimate|||||||||||||
#  S      Suspect             Suspect data|||||||||||||
# |||||||||||||
# Quality Assurance flags included:|||||||||||||
#|||||||||||||
# Flag    Name                Description|||||||||||||
#  U      Unknown             Unknown|||||||||||||
#  R      Raw                 No Human Review|||||||||||||
#  P      Provisional         Preliminary Human Review|||||||||||||
#  A      Approved            Processing and Final Review Completed|||||||||||||
# |||||||||||||
#------------------------------------------------------------------------------------------------------|||||||||||||
# |||||||||||||
# Prudhoe Bay (1177) |||||||||||||
# Alaska  SNOTEL Site - 30 ft|||||||||||||
# Reporting Frequency: Daily; Date Range: Period of Record|||||||||||||
#|||||||||||||
# As of: Oct 11|2024| 12:02:09 PM GMT-08:00|||||||||||
#|||||||||||||
Water Year|Day|Oct|Nov|Dec|Jan|Feb|Mar|Apr|May|Jun|Jul|Aug|Sep
||Air Temperature Minimum (degF)|Air Temperature Minimum (degF)|Air Temperature Minimum (degF)|Air Temperature Minimum (degF)|Air Temperature Minimum (degF)|Air Temperature Minimum (degF)|Air Temperature Minimum (degF)|Air Temperature Minimum (degF)|Air Temperature Minimum (degF)|Air Temperature Minimum (degF)|Air Temperature Minimum (degF)|Air Temperature Minimum (degF)
2003|30||||||||||||32
2003|31||||||||||||
2004|1|35.6|15.8|-34.6|-11.2|-32.8|-18.4|-36.4|3.2|32|41|32|32
2004|2|32|15.8|-29.2|15.8|-40|-20.2|-27.4|8.6|32|44.6|33.8|33.8
2004|3|28.4|19.4|-31|12.2|-25.6|-31|-27.4|-0.4|30.2|53.6|33.8|32
2004|4|30.2|21.2|-31|1.4|-22|-38.2|-23.8|12.2|32|41|37.4|30.2
2004|5|30.2|23|-16.6|-5.8|-22|-45.4|-18.4|8.6|32|39.2|39.2|30.2
2004|6|24.8|10.4|-25.6|-20.2|-34.6|-45.4|-9.4|5|30.2|35.6|46.4|35.6
2004|7|24.8|5|-27.4|-22|-47.2|-38.2|-4|3.2|32|39.2|51.8|37.4
2004|8|30.2|3.2|-27.4|-22|-41.8|-40|-7.6|10.4|30.2|33.8|53.6|33.8
2004|9|30.2|-9.4|-13|-9.4|-18.4|-32.8|-2.2|12.2|32|33.8|46.4|33.8
2004|10|15.8|-9.4|-2.2|-9.4|-13|-27.4|-4|14|32|39.2|44.6|35.6
2004|11|14|-5.8|-0.4|-4|-16.6|-29.2|-5.8|15.8|33.8|35.6|41|32
2004|12|15.8|-16.6|3.2|-16.6|-20.2|-23.8|1.4|17.6|33.8|37.4|41|32
2004|13|15.8|-27.4|-2.2|-22|-32.8|-20.2|-2.2|14|35.6|39.2|42.8|30.2
2004|14|14|-29.2|-0.4|-29.2|-34.6|-22|-4|15.8|37.4|37.4|41|32
2004|15|28.4|-29.2|-2.2|-34.6|-38.2|-9.4|-0.4|19.4|37.4|39.2|48.2|30.2
2004|16|24.8|-25.6|-2.2|-22|-43.6|-18.4|-4|23|41|39.2|48.2|28.4
2004|17|3.2|-16.6|-0.4|-20.2|-47.2|-40|-7.6|19.4|46.4|39.2|46.4|24.8
2004|18|14|-20.2|5|-23.8|-49|-43.6|-14.8|28.4|44.6|39.2|42.8|28.4
2004|19|12.2|-18.4|-0.4|-20.2|-45.4|-18.4|-16.6|26.6|41|35.6|41|32
2004|20|21.2|10.4|-18.4|-22|-27.4|23|-13|28.4|37.4|35.6|37.4|30.2
2004|21|15.8|1.4|-18.4|-41.8|-27.4|-0.4|-9.4|32|37.4|37.4|35.6|28.4
2004|22|21.2|-4|-27.4|-40|-22|-34.6|-9.4|32|39.2|44.6|33.8|33.8
2004|23|17.6|-0.4|-14.8|-38.2|-23.8|-38.2|-7.6|30.2|41|46.4|33.8|30.2
2004|24|19.4|-18.4|-13|-23.8|-31|-32.8|-11.2|30.2|37.4|44.6|33.8|28.4
2004|25|6.8|-13|-23.8|-29.2|-40|-34.6|-7.6|28.4|44.6|46.4|32|23
2004|26|-0.4|-13|-23.8|-29.2|-43.6|-41.8|6.8|28.4|46.4|39.2|33.8|26.6
2004|27|-7.6|-7.6|-7.6|-31|-41.8|-41.8|19.4|28.4|46.4|37.4|30.2|26.6
2004|28|-4|-20.2|1.4|-27.4|-38.2|-27.4|14|28.4|35.6|33.8|35.6|28.4
2004|29|28.4|-29.2|5|-13|-36.4|-22|17.6|28.4|35.6|35.6|32|28.4
2004|30|19.4|-31|1.4|-34.6||-14.8|10.4|32|35.6|35.6|33.8|6.8
2004|31|17.6||-14.8|-38.2||-36.4||32||32|32|
2005|1|3.2|-4|-7.6|8.6|-32.8|-34.6|-14.8|12.2|28.4|33.8|35.6|37.4
2005|2|19.4|-18.4|-4|19.4|-29.2|-32.8|-13|15.8|30.2|32|35.6|37.4
2005|3|30.2|-7.6|-4|8.6|-29.2|-40|-25.6|-2.2|28.4|33.8|42.8|32
2005|4|30.2|-13|-5.8|-5.8|-27.4|-40|-29.2|-4|28.4|33.8|42.8|28.4
2005|5|32|-16.6|-31|-5.8|-23.8|-9.4|-7.6|1.4|26.6|32|44.6|32
2005|6|30.2|-22|-22|28.4|-20.2|-34.6|-13|6.8|32|32|50|33.8
2005|7|28.4|-25.6|-29.2|-7.6|-20.2|-34.6|1.4|17.6|32|33.8|46.4|32
2005|8|23|-22|-27.4|-18.4|-7.6|-9.4|3.2|17.6|32|33.8|46.4|32
2005|9|21.2|-22|-32.8|-23.8|-9.4|-9.4|-5.8|19.4|32|35.6|46.4|35.6
2005|10|19.4|-27.4|-31|-25.6|-7.6|-5.8|-7.6|12.2|32|37.4|50|33.8
2005|11|19.4|-16.6|-40|-27.4|-20.2|3.2|-9.4|12.2|32|41|48.2|33.8
2005|12|21.2|1.4|-41.8|-38.2|-25.6|1.4|-16.6|15.8|32|39.2|42.8|35.6
2005|13|21.2|6.8|-40|-38.2|-20.2|-4|-20.2|24.8|32|39.2|42.8|
2005|14|17.6|12.2|-41.8|-40|-9.4|-2.2|-5.8|21.2|33.8|37.4|37.4|
2005|15|12.2|8.6|-18.4|-43.6|-11.2|-9.4|-7.6|21.2|32|37.4|32|
2005|16|8.6|-4|-9.4|-40|-14.8|-14.8|-7.6|24.8|33.8|35.6|32|
2005|17|8.6|-13|-2.2|-34.6|-20.2|-5.8|-11.2|28.4|33.8|35.6|32|
2005|18|23|5|-4|-20.2|-27.4|-13|-5.8|26.6|32|32|32|
2005|19|19.4|8.6|-4|-18.4|-27.4|-7.6|-4|30.2|32|32|32|
2005|20|17.6|1.4|-22|-18.4|-11.2|-9.4|-0.4|30.2|32|33.8|33.8|
2005|21|5|-0.4|-23.8|-11.2|-27.4|-2.2|6.8|28.4|32|35.6|33.8|
2005|22|3.2|15.8|-27.4|-13|-29.2|-5.8|12.2|28.4|30.2|39.2|39.2|
2005|23|23|14|-32.8|-18.4|-23.8|-5.8|3.2|26.6|32|37.4|33.8|
2005|24|17.6|14|-22|-27.4|-16.6|-20.2|-2.2|23|33.8|39.2|33.8|
2005|25|19.4|-5.8|1.4|-34.6|-18.4|-25.6|10.4|26.6|33.8|35.6|32|
2005|26|12.2|-9.4|-14.8|-36.4|-20.2|-14.8|8.6|32|35.6|35.6|32|
2005|27|8.6|-7.6|-23.8|-36.4|-22|-16.6|15.8|32|41|33.8|33.8|
2005|28|6.8|10.4|-27.4|-5.8|-31|-22|8.6|32|37.4|32|32|
2005|29|-9.4|8.6|-9.4|-7.6||-25.6|12.2|32|32|33.8|28.4|
2005|30|-16.6|-5.8|6.8|-40||-25.6|14|30.2|32|32|28.4|
2005|31|-16.6||-4|-40||-27.4||28.4||32|28.4|
2006|1|||||||||30.2|35.6||
2006|2|||||||||26.6|33.8||
2006|3|||||||||26.6|33.8||
2006|4|||||||||32|32||
2006|5|||||||||35.6|32||
2006|6|||||||||35.6|32||
2006|7|||||||||35.6|37.4||
2006|8|||||||||37.4|35.6||
2006|9|||||||||35.6|35.6||
2006|10|||||||||37.4|33.8||
2006|11|||||||||35.6|33.8||
2006|12|||||||||39.2|35.6||
2006|13|||||||||39.2|39.2||
2006|14|||||||||35.6|42.8||
2006|15|||||||||33.8|48.2||
2006|16|||||||||35.6|44.6||
2006|17|||||||||35.6|46.4||
2006|18|||||||||37.4|44.6||
2006|19|||||||||37.4|||
2006|20|||||||||41|||
2006|21|||||||||46.4|||
2006|22|||||||||39.2|||
2006|23|||||||||37.4|||
2006|24|||||||||50|||
2006|25|||||||||44.6|||
2006|26|||||||||42.8|||
2006|27|||||||||41|||
2006|28|||||||||48.2|||
2006|29|||||||||51.8|||
2006|30|||||||||41|||
2006|31||||||||||||
2007|1||||-43.6|8.6|-34.6|3.2|10.4|32|33.8|1.4|35.6
2007|2||||-41.8|10.4|-34.6|8.6|10.4|32|39.2|41|35.6
2007|3||||-32.8|-0.4|-41.8|-11.2|10.4|32|37.4|41|35.6
2007|4||||-23.8|17.6|-45.4|-9.4|17.6|35.6|37.4|39.2|35.6
2007|5||||-41.8|3.2|-31|5|15.8|35.6|41|35.6|35.6
2007|6||||-41.8|1.4|-16.6|6.8|15.8|39.2|42.8|33.8|33.8
2007|7||||-41.8|-7.6|-25.6|1.4|10.4|37.4|35.6|35.6|33.8
2007|8||||-43.6|-18.4|-40|-7.6|5|35.6|35.6|35.6|37.4
2007|9||||-14.8|-22|-45.4|-9.4|12.2|33.8|37.4|35.6|39.2
2007|10||||-25.6|-14.8|-47.2|-9.4|14|32|37.4|39.2|37.4
2007|11||||-25.6|-23.8|-40|-14.8|8.6|32|35.6|44.6|37.4
2007|12||||-13|-22|-32.8|-14.8|1.4|32|46.4|46.4|35.6
2007|13||||-13|-23.8|-32.8|-7.6|10.4|32|44.6|48.2|33.8
2007|14||||-13|-18.4|-34.6|-4|10.4|35.6|42.8|46.4|35.6
2007|15|||-20.2|-32.8|-23.8|-27.4|5|5|35.6|42.8|46.4|35.6
2007|16|||-22|-34.6|-31|-23.8|3.2|5|33.8|44.6|42.8|32
2007|17|||-5.8|-27.4|-32.8|-34.6|8.6|21.2|33.8|48.2|39.2|30.2
2007|18|||-13|-13|-32.8|-32.8|14|17.6|35.6|39.2|37.4|33.8
2007|19|||-4|-7.6|-40|-27.4|15.8|21.2|35.6|39.2|35.6|33.8
2007|20|||-13|-9.4|-43.6|-34.6|19.4|19.4|37.4|39.2|39.2|32
2007|21|||-14.8|-7.6|-43.6|-38.2|19.4|12.2|35.6|37.4|37.4|32
2007|22|||-23.8|-7.6|-45.4|-36.4|21.2|28.4|33.8|37.4|33.8|30.2
2007|23|||-31|-7.6|-38.2|-41.8|21.2|28.4|32|42.8|35.6|32
2007|24|||-31|-32.8|-18.4|-40|14|30.2|33.8|42.8|37.4|32
2007|25|||-16.6|-27.4|-16.6|-36.4|10.4|24.8|35.6|42.8|39.2|32
2007|26|||-32.8|-14.8|-22|1.4|10.4|32|35.6|41|33.8|32
2007|27|||-36.4|-9.4|-32.8|-4|6.8|30.2|35.6|42.8|32|30.2
2007|28|||-34.6|-0.4|-34.6|-0.4|1.4|30.2|35.6|42.8|32|23
2007|29|||-23.8|-2.2||5|-0.4|28.4|33.8|41|33.8|19.4
2007|30|||-23.8|-4||1.4|5|24.8|35.6|39.2|33.8|26.6
2007|31|||-43.6|1.4||3.2||28.4||41|35.6|
2008|1|26.6|21.2|17.6|-2.2|-32.8|-40|15.8|14|26.6|38|40.1|36.3
2008|2|19.4|15.8|6.8|-4|-38.2|-40|-0.4|12.2|32|37.7|38.2|37.9
2008|3|19.4|14|-14.8|-25.6|-38.2|-32.8|12.2|21.2|35.6|45.7|40.1|36.6
2008|4|21.2|12.2|-13|-32.8|-34.6|-11.2|15.8|19.4|35.6|43.8|37.4|35.7
2008|5|6.8|8.6|-13|-38.2|-45.4|-36.4|8.6|21.2|35.6|41.6|39|34
2008|6|10.4|-7.6|8.6|-41.8|-41.8|-18.4|14|21.2|32|40.8|38.9|32.4
2008|7|5|-2.2|1.4|-43.6|-40|-16.6|-5.8|19.4|32|43.7|40.5|33.3
2008|8|6.8|8.6|3.2|-43.6|-36.4|-11.2|-11.2|17.6|32|48.4|39.8|30.9
2008|9|17.6|6.8|1.4|-41.8|-36.4|-13|-25.6|19.4|32|43.1|39.6|33.2
2008|10|19.4|8.6|-0.4|-41.8|-25.6|-23.8|-29.2|15.8|33.8|43.2|37.5|32.7
2008|11|23|14|-0.4|-50.8|-25.6|-31|-23.8|17.6|37.4|43.2|40|32.4
2008|12|23|6.8|-7.6|-50.8|-31|-34.6|-16.6|21.2|35.6|45.3|39.3|30.2
2008|13|26.6|14|-4|-50.8|-22|-38.2|-13|26.6|37.4|45.3|39.1|31
2008|14|24.8|14|-11.2|-52.6|-23.8|-32.8|-4|26.6|41|46.1|36.9|32.9
2008|15|17.6|10.4|-13|-31|-20.2|-27.4|-13|17.6|37.4|43.6|33.6|33.8
2008|16|24.8|5|-34.6|-20.2|-11.2|-40|-18.4|23|37.4|42|36|33.4
2008|17|24.8|-5.8|-38.2|-25.6|-14.8|-47.2|-11.2|21.2|37.4|41.2|35.9|26.9
2008|18|24.8|-5.8|-41.8|-14.8|-11.2|-49|17.6|24.8|37.4|41.6|36|28.6
2008|19|15.8|-13|-45.4|14|12.2|-45.4|12.2|23|39.2|38.7|35.3|31.9
2008|20|12.2|19.4|-47.2|-0.4|3.2|-47.2|12.2|24.8|41|42.9|36.4|35.4
2008|21|14|17.6|-31|6.8|-5.8|-45.4|15.8|21.2|39.2|39|32.3|34.7
2008|22|5|23|-29.2|-22|-20.2|-43.6|14|26.6|39.2|35.6|29.3|28.5
2008|23|3.2|10.4|-14.8|-31|-32.8|-40|17.6|33.8|41|33.2|35.3|27.5
2008|24|12.2|6.8|-14.8|-41.8|-40|-27.4|8.6|33.8|39.2|37.1|36.9|26.9
2008|25|17.6|-13|-9.4|-34.6|-38.2|-38.2|5|32|41|42.2|38.5|28.7
2008|26|17.6|-13|-23.8|-36.4|-31|-29.2|12.2|32|39.2|42.6|40.7|21.6
2008|27|17.6|-16.6|-2.2|-18.4|-38.2|-22|5|30.2|37.4|40.9|37.6|27.8
2008|28|21.2|-11.2|1.4|-25.6|-47.2|-27.4|1.4|30.2|41|37.7|31.7|23.8
2008|29|21.2|14|-11.2|-36.4|-49|-16.6|-0.4|32|42.8|36.1|35.6|22.5
2008|30|10.4|19.4|-5.8|-32.8||-4|14|30.2|42.8|36.7|35|23
2008|31|6.8||-13|-27.4||5||26.6||35.5|36|
2009|1|26.6|5|-23.8|-40|-41.8|-31|-22|19.4|35.6|35.9|48.2|39.9
2009|2|28.4|-9.4|-2.2|-32.8|-43.6|-29.2|-25.6|10.4|33.8|35.6|44.1|37.2
2009|3|10.4|-11.2|-13|-29.2|-43.6|-36.4|-27.4|5|35.6|35.1|45.1|41
2009|4|19.4|12.2|-5.8|-32.8|-40|-25.6|-32.8|5|35.6|38.4|48.9|39.7
2009|5|21.2|5|-13|-34.6|-34.6|-27.4|-25.6|-2.2|37.4|42.6|43|39.7
2009|6|19.4|-7.6|-23.8|-32.8|-29.2|-40|-23.8|6.8|35.6|35.9|38.1|34.2
2009|7|17.6|-4|-18.4|-32.8|-41.8|-43.6|-9.4|15.8|35.6|36|38.1|34.9
2009|8|12.2|-4|-2.2|-25.6|-50.8|-13|1.4|12.2|33.8|37.6|36|35.1
2009|9|21.2|6.8|-7.6|-40|-50.8|-4|-4|12.2|32|40.7|36.5|35.8
2009|10|19.4|-2.2|-18.4|-41.8|-50.8|-13|-7.6|26.6|33.8|47.4|35.4|33.4
2009|11|23|3.2|-23.8|-38.2|-38.2|-22|-2.2|15.8|32|46.1|35.8|33.4
2009|12|8.6|3.2|-20.2|-29.2|-18.4|-31|-7.6|12.2|33.8|54.6|36|33.4
2009|13|-7.6|-2.2|12.2|-22|-13|-36.4|-14.8|15.8|33.8|39.7|36.3|30.9
2009|14|-7.6|1.4|15.8|-0.4|-11.2|-45.4|-16.6|17.6|33.8|36.8|32.4|33.8
2009|15|23|-0.4|-7.6|-4|-4|-47.2|-25.6|15.8|33.8|42|35.8|32.2
2009|16|10.4|-16.6|-2.2|12.2|-22|-50.8|-7.6|8.6|35.6|38.7|36.9|34.2
2009|17|1.4|-13|-4|-16.6|-32.8|-40|-5.8|30.2|32|37.1|37.8|34.7
2009|18|1.4|-11.2|15.8|-29.2|-5.8|-41.8|-7.6|32|30.2|36.8|36.9|32
2009|19|5|-23.8|12.2|-34.6|-25.6|-45.4|-14.8|30.2|30.2|36.5|35.8|31.3
2009|20|3.2|-9.4|8.6|-34.6|-34.6|-43.6|1.4|26.6|32|36.8|35.6|28.8
2009|21|3.2|-7.6|-7.6|-25.6|-14.8|-40|3.2|24.8|33.8|34.9|38.1|28
2009|22|8.6|-5.8|-4|-22|-4|-41.8|3.2|28.4|33.8|34.8|36.5|30.4
2009|23|-2.2|-20.2|-0.4|-20.2|8.6|-38.2|14|28.4|33.8|38.3|41|31.1
2009|24|-0.4|-0.4|-14.8|-25.6|10.4|-34.6|10.4|26.6|33.8|38|40.1|28.9
2009|25|-4|-0.4|-11.2|-25.6|-14.8|-25.6|17.6|28.4|33.8|41.9|37.6|27.5
2009|26|12.2|-22|-11.2|-34.6|-25.6|-18.4|35.6|28.4|33.8|41.7|37.6|24.3
2009|27|12.2|-22|-20.2|-34.6|-4|-29.2|28.4|28.4|33.8|41.4|38.5|25
2009|28|8.6|-14.8|-31|-38.2|-20.2|-25.6|26.6|26.6|35.6|43.2|36.7|19.8
2009|29|19.4|-0.4|-34.6|-43.6||-20.2|30.2|30.2|39.2|43.2|36.5|19.2
2009|30|12.2|-13|-38.2|-43.6||-22|26.6|30.2|39.5|43.2|31.6|26.2
2009|31|6.8||-25.6|-38.2||-22||33.8||43.5|31.3|
2010|1|24.8|10.2|-5.3|-21.5|-25.8|-30.1|-13.5|17.4|32.7|35.4|41|37.6
2010|2|20.1|8.4|0.3|-6.5|-26.7|-17|4.5|17.1|33.3|38.7|53.2|37.9
2010|3|26.4|8.8|-14.6|-11.7|-35.3|-10.8|6.1|17.2|32.9|40.1|51.4|38.5
2010|4|28.9|6.6|-22.4|-17|-36.2|-5.1|-20.9|17.8|32|40.1|45.7|38.1
2010|5|29.5|11.7|-18.9|-14.1|-29|-12.3|-23.1|2.1|31.5|36|43.5|36.9
2010|6|16.7|3.7|14.5|-13.5|-36.2|-6|-20.6|-1.3|33.4|35.4|37|38.1
2010|7|10.9|0.1|10.8|-20.7|-33.3|-18.2|3.6|-9.2|34.7|40.5|37.8|34.5
2010|8|24.1|2.5|12.9|-41.3|-33|-30.5|-5.8|-0.2|35.4|45.7|38.5|42.8
2010|9|22.5|-7.1|6.8|-48.8|-38|-30.5|-27.2|9.9|38.1|41|37.8|39.6
2010|10|29.7|-14.4|10.8|-48.8|-6.5|-24|-31.2|10|36.7|39.2|37.8|34.7
2010|11|25.2|-13.4|8.6|-41.3|2.5|-28.5|5.4|9.7|38.8|38.3|38.8|31.5
2010|12|30|2.5|-7.2|-34.4|0.7|-32.1|14.7|10.2|33.1|38.1|40.5|41.5
2010|13|33.6|-14.1|-23.8|-18.4|3.2|-36.8|7.3|14.2|31.3|38.1|43.7|38.7
2010|14|33.1|-21.5|-28.5|-35|3.2|-41.4|14.9|17.8|31.6|39.9|41.2|35.1
2010|15|30.9|-17.5|-33.2|-35.9|4.3|-40.2|0.5|23.4|31.5|40.5|41.7|36.3
2010|16|23.9|-24|-38.6|-34.4|1.6|-42.5|-9.6|23.4|33.1|39.9|43.2|37.8
2010|17|15.6|-23.8|-31.7|-36.8|-3.8|-22.7|-2.7|23.2|34.2|43.5|41.7|35.4
2010|18|17.6|-19.5|-31.7|-45.8|0.3|-9.2|6.4|26.1|34.2|40.3|47.5|34.3
2010|19|21.7|-19.5|-24.2|-46.5|3|-11.2|12.6|27.1|31.8|39.4|40.3|31.1
2010|20|20.8|-20.7|-25.2|-37.8|2.7|-14.4|14.7|27.1|31.6|39.4|39.4|30.7
2010|21|21.6|-23.6|-6.3|-35|-4.5|-14.1|6.6|28.9|30|39|39.2|31.3
2010|22|22.8|-29.4|-3.8|-32.6|-7.8|-18|1.6|27.3|30.9|48.6|40.5|29.7
2010|23|10.8|-15.3|-8.9|-27|-17.1|-20|6.6|26.1|34.3|39.9|39.7|29.8
2010|24|5.9|-7.8|-7.1|-21.3|-35.9|-10.3|17.1|26.8|34|38.8|38.8|24.4
2010|25|27.1|-6|-15|-21.6|-43.1|-15.2|1.2|29.1|30.2|39.9|39|22.3
2010|26|22.5|-1.3|-13.9|-0.2|-43.1|-28.3|-2.6|28.6|34.9|44.6|39.9|23.2
2010|27|16.5|-11.7|-3.5|-22.2|-48.8|-37.1|18.1|28.8|33.4|43.9|37.9|18.7
2010|28|15.6|-1.7|1.2|-17|-48.8|-28.7|23.5|29.1|37.9|44.4|36.7|18.5
2010|29|6.1|-6.2|-9.6|-8.3||-13.4|24.1|29.5|37.4|45.9|32.9|18.5
2010|30|9.5|-3.5|-14.1|-13.2||-34.4|20.1|28|35.8|45.1|36.9|21.9
2010|31|7.3||-30.8|-4.4||-34.2||30||44.2|37.6|
2011|1|24.3|10.6|-5.8|-31.7|-10.3|-22|-19.5|1.2|27.9|38.8|44.1|34
2011|2||10.9|-22.4|-12.1|-6|-21.5|-24.9|11.1|26.4|39.6|43|33.1
2011|3|31.3|13.1|-12.6|0|-11.6|-25.1|-25.2|4.5|28.4|37.4|40.5|37
2011|4|32.4|22.3|-1.1|-4.7|-14.8|-26|-6.2|-8.5|31.5|36|44.4|37.2
2011|5|30.7|17.2|-16.6|1.8|-18|-21.8|-18.6|-13.2|31.5|43|45.9|38.7
2011|6|27|5.7|-27.2|4.5|-30.1|-19.7|-26.7|0.9|29.7|44.6|45.3|37.9
2011|7|10.2|15.1|-26.7|-16.2|-32.1|-20.7|-33|11.1|29.5|42.4|46.6|33.6
2011|8|7.9|5.4|-19.1|-18.6|-15.5|-30.3|-12.6|5.5|29.8|35.4|42.6|33.1
2011|9|16.3|6.4|-22.5|0.1|-0.6|-29.7|-18.8|-2.4|28.6|34.9|43.3|29.3
2011|10|18.7|7.9|-19.1|3.7|-24.3|-24.9|-18.2|-9.4|30.4|39.9|43|33.3
2011|11|17.6|9.9|-23.3|-9.6|-40.7|-20.7|-16.1|-6.5|28.2|40.3|43.2|43
2011|12|20.1|11.8|-28.3|-19.7|-42|-33|-27.9|-7.4|28|42.1|41.5|38.1
2011|13|19.8|5.7|-18|-22.2|-23.6|-36|-13.5|2.1|31.8|41.4|42.3|35.2
2011|14|21|-2.6|-14.4|-20.4|-18.2|-34.4|-22.2|18.9|31.3|42.1|39.9|37.8
2011|15|17.8|-2.9|-8.7|-14.6|-23.1|-30.5|-26.3|23.2|34.9|41.9|37.9|37.8
2011|16|21|-4|-17.3|-21.3|-32.4|-23.8|0.7|27.3|45.1|42.1|37.8|36.1
2011|17|24.6|13.6|-27.2|-30.1|-15.7|-24.3|2.8|28|38.5|45.3|36.3|35.2
2011|18|24.6|10|-26.9|-24.3|-2.6|-24.3|15.6|26.4|34.5|39.7|32.9|36.3
2011|19|1.2|6.1|-16.2|-32.4|-15.5|-26.5|-4.7|30|37.9|39.7|30.7|36.1
2011|20|0.5|19.6|-7.8|-43.6|-29.9|-10.7|-8.7|29.8|37.8|48.2|38.5|36.1
2011|21|25.3|18.3|-7.1|-46.5|-21.1|-17.7|-4.5|32.2|35.6|49.6|38.7|36.3
2011|22|27|18.9|-33.2|-44.3|-20.7|-6.2|-10.3|31.6|36.9|47.1|35.4|31.6
2011|23|27|23.4|-38.2|-49.2|-13.7|0.3|-14.4|31.1|36|47.5|36.1|32.4
2011|24|19.4|16.9|-28.7|-51|25.9|-3.3|-17|32|36|43.3|38.1|31.3
2011|25|17.8|10|-40|-49.4|-7.1|-8.5|-17|31.6|36.3|41.7|35.1|30.9
2011|26|11.3|1|-43.2|-42.7|-21.5|-12.6|-12.6|31.3|39.6|42.1|34|32.4
2011|27|5.7|-11|-49.2|-32.3|-31.4|-9|-2.6|30.6|40.3|43.2|41.4|32.7
2011|28|13.6|-2.7|-49.5|-29|-22.9|-10.1|-7.2|30.7|32|38.7|38.3|31.6
2011|29|21.4|-30.5|-47.9|-12.3||-16.1|-13.5|29.8|31.8|44.8|37|28
2011|30|22.5|-33.3|-46.5|-5.1||-4.2|-6.7|32|31.5|43.5|36|25
2011|31|19.6||-32.1|-10.3||-17.7||31.8||42.4|34.3|
2012|1|23.7|-0.8|-25.1|-42|-56.6|-49.4|-13.9|1.2|30.7|37.6|45.1|40.6
2012|2|18.9|19.9|-17.9|-24.9|-45.2|-53.1|-14.3|0.1|31.8|36.7|44.6|39.9
2012|3|29.5|1|-23.1|-36|-23.4|-47|-10.7|4.3|31.3|40.6|44.1|40.5
2012|4|25|15.6|-0.9|-41.3|-34.6|-42.2|-21.3|2.5|33.1|43.7|47.1|42.3
2012|5|25.9|-1.1|-4.2|-24.2|-6.2|-41.8|-24.3|3.4|32.5|41.2|46.9|40.3
2012|6|30.7|-12.3|-26.3|-31|-4.2|-42.5|-3.5|5.5|32.4|39.4|43.3|35.2
2012|7|27.7|-4.5|-27|-31.5|-4.4|-30.5|-10.7|11.8|34|41.5|42.1|33.1
2012|8|26.4|-16.6|1.2|-31.4|-9.8|-41.1|-11.9|12|33.6|42.4|41.5|32.2
2012|9|27.7|-13|9.7|-35|-11|-47.4|-9.9|14.5|36.1|44.4|39.4|33.4
2012|10|29.1|7.5|8.6|-37.8|-5.3|-50.3|5.7|19|36.3|44.4|38.5|30.4
2012|11|25.7|-0.9|7.5|-25.6|0.3|-23.1|2.1|24.4|33.4|42.6|35.6|34.2
2012|12|21.4|-3.3|-8.9|-36.8|-3.8|-28.5|-2|26.8|32.7|44.4|35.2|36.7
2012|13|18.9|-7.6|-18.4|-34.1|-1.3|-39.3|-2.9|24.3|31.1|44.6|37.2|33.8
2012|14|26.2|-13.7|-36.9|-30.3|-5.4|-42|-2.4|25.9|36|47.3|42.4|32.4
2012|15|30.6|-0.6|-37.8|-37.5|-18.6|-49.7|-3.3|18.9|36.7|46|47.8|30.6
2012|16|31.3|-4.4|-26.1|-25.8|-10.1|-50.6|-3.6|22.6|41.4|45.1|52.9|38.3
2012|17|31.1|-8.3|-25.4|-21.1|-17.3|-51|6.8|23|36|38.8|51.3|38.7
2012|18|21.9|-17.9|-16.4|-17.7|-16.8|-37.7|5.5|29.8|36.1|37.6|49.6|35.4
2012|19|24.4|-19.7|-28.7|-19.5|-8.9|-40|11.7|27.9|53.4|34|52.3|33.4
2012|20|2.7|-20|-30.1|-10.1|-10.1|-42.3|-3.8|27.1|55.9|39.9|47.1|36
2012|21|0.9|-24.7|-31.4|-27.9|-10.1|-42.3|4.3|23.7|40.5|38.8|46.9|35.2
2012|22|21.7|-35.3|-35.7|-47.6|-17.7|-40.2|-3.6|27.1|40.5|39.6|44.2|34.3
2012|23|17.8|-37.5|-36.6|-52.2|-30.8|-38.6|3.6|26.8|41.9|45.9|44.8|36.1
2012|24|14.5|-32.3|-35.3|-52.6|-33.9|-21.8|1.2|26.4|36.3|52.5|44.4|31.3
2012|25|21|-28.5|-30.3|-53.3|-38.4|-23.8|-5.4|27.7|36.1|52.2|43.2|30.9
2012|26|23.2|-35.7|-36.8|-48.8|-42.3|-33.9|2.1|29.3|37|48.6|40.6|31.3
2012|27|18|-35.3|-23.6|-45|-47.6|-44.9|0.7|25.9|40.3|48.4|39.7|31.8
2012|28|0.9|-31|-33.5|-38|-50.3|-39.3|11.8|23.4|41.4|47.7|40.8|31.3
2012|29|7.7|-35.5|-40.5|-27.6|-47.7|-34.8|11.1|26.8|36.9|50.9|39.9|32.2
2012|30|-9.6|-31.7|-37.1|-51.3||-38|7.9|30.7|35.4|49.8|39.7|30.7
2012|31|1||-42.2|-54.6||-27.9||29.8||46|40.6|
2013|1|27.3|2.1|-2.6|-8.7|-26.9|-15.9|-4.5|-23.3|32.4|38.7|45.1|33.4
2013|2|25.9|-1.3|-11|-5.1|-25.6|-27|-17.7|-7.8|35.4|39.4|52.9|33.6
2013|3|33.4|-1.7|-5.3|-7.8|-18.6|-28.8|-22.2|-8|26.8|40.6|50.7|36.7
2013|4|28.8|-17.9|-5.3|0.3|-30.8|-20.7|-21.3|-8.9|25.5|44.4|50.5|35.2
2013|5|32.5|-19.1|-7.6|-8.9|-42.9|-14.4|-25.8|-13.7|26.1|42.4|39.9|34.2
2013|6|32.2|-13.9|-10.3|-21.8|-42|-14.3|-33.2|-16.4|26.8|45|39.4|34.7
2013|7|32.7|8.1|-22.7|-27.2|-46.7|-15|-39.8|5.4|28.2|38.7|45.9|34.3
2013|8|25|-9|-24.9|-18.6|-45.2|0|-28.3|18.1|29.8|36.5|45.9|33.6
2013|9|24.8|-9.2|-39.5|-18.8|-38|3.4|-28.8|16.2|33.6|34.5|45|33.8
2013|10|19.2|14|-41.4|-29.9|-19.7|-4|-4.5|14.2|35.6|34.3|45.1|33.1
2013|11|14.7|7|-40.7|-30.5|-20.9|-6.3|-12.5|9.3|37.2|36|52|33.6
2013|12|19.9|-3.3|-35.1|-18.6|-31.7|-24.3|-17|16.2|42.6|35.6|48.4|34.3
2013|13|17.1|3.4|-39.6|-9.6|-25.2|-28.1|-22.2|9.1|39.4|39.6|42.3|35.6
2013|14|5.7|-12.5|-42|-4.5|-25.1|-24.9|-20.6|0.9|45|40.8|40.6|30.7
2013|15|15.8|1|-44|-16.6|-19.5|-4.4|-23.6|-0.8|44.2|41.7|41.4|27.5
2013|16|18.9|-17|-35.7|-35.9|-19.3|-5.3|-23.6|11.7|33.1|41.7|42.6|27.1
2013|17|23.4|-17.5|-32.4|-37.1|-42.3|-15.5|-12.6|15.1|32|45.1|40.3|28.2
2013|18|18.1|-25.2|-16.2|-28.1|-48.6|-24.3|-19.5|-0.4|37|0|37.4|30.6
2013|19|2.1|-12.8|-36.2|-35.9|-48.6|-25.6|-18.2|-6.3|38.8|47.1|35.6|29.8
2013|20|-8|-0.9|-35.7|-18.9|-33.5|-11.2|0.3|24.1|39.7|43.9|31.8|29.8
2013|21|4.5|-10.1|-30.5|-12.8|-33.3|-21.3|4.5|22.3|52|42.1|31.3|25.5
2013|22|-2.6|-10.5|-13.5|-15.7|-31.7|-33.3|3.7|27.3|37.9|50.4|30.2|26.2
2013|23|2.5|-14.3|-7.1|-23.1|-32.1|-33.3|22.5|27.1|36.9|41.7|36|19.6
2013|24|11.8|-16.1|-5.3|-35.1|-27.4|-20.9|1.8|24.6|35.2|43.3|35.2|19
2013|25|5.5|-10.1|-14.8|-27.6|-24|-26.9|1.9|27|34.3|43|33.6|19.9
2013|26|28.2|-12.8|-22.2|-29.9|-25.1|-11.9|-4.7|27.1|33.1|39.6|34|21.2
2013|27|28.2|-25.4|-22.4|-28.7|-23.4|-7.8|-14.1|32.5|47.1|45|35.6|31.5
2013|28|20.1|-20.4|-21.5|-32.3|-15|-23.3|14.5|31.8|44.2|54.9|32.9|29.8
2013|29|11.8|-4.7|-23.8|-42||-26.9|6.8|31.6|44.4|36.7|37.4|27.7
2013|30|8.1|-0.9|-21.8|-43.8||-19.7|-21.1|30|40.5|36.3|32.9|27.5
2013|31|5.2||-9.4|-26||-3.1||32.7||44.6|32.5|
2014|1|29.1|-8.5|7.9|2.1|-5.1|-0.8|-20.7|33.3|28.2|42.6|40.3|33.1
2014|2|19|-4.7|11.1|-0.6|2.8|2.7|-15.5|27.1|32.4|40.3|36.3|31.6
2014|3|16.2|-9.6|2.5|-5.3|-4|-20.6|-18.2|27.7|30|40.8|37.6|32.4
2014|4|28.8|6.6|9.3|-0.2|-2.6|-30.5|-20.4|25|29.5|41|34.7|33.1
2014|5|11.5|9.9|4.5|1|13.3|-33.3|-17|14.2|30|41.4|35.2|29.8
2014|6|8.1|-13.4|19|-0.8|3.7|-33|-24.2|10.9|32.7|41.5|37.4|29.3
2014|7|12.4|5.5|18.3|-28.1|-7.2|-31.4|-27.8|22.1|31.6|41.2|41|27.7
2014|8|25.3|-14.4|16.2|-32.6|-18|-31.2|-22.7|12.2|30.9|40.8|37.9|29.8
2014|9|27.7|2.8|-0.4|-21.1|-27.2|-41.3|-29.6|22.6|30.4|39.9|38.1|33.8
2014|10|22.1|16.7|-17.3|-26.9|-24.5|-45.4|-29.6|21.2|32|41|39.4|34
2014|11|15.1|10.9|-18|-17.5|-25.6|-32.4|-11.4|25.2|32.5|40.3|41.5|36.3
2014|12|15.8|-5.6|-20.4|-28.1|-36.2|-26|-18.2|33.3|34.3|37.6|39.6|35.6
2014|13|15.8|3.6|-31.2|-33.5|-34.2|-20.4|-7.8|31.8|39|42.1|37.8|35.4
2014|14|26.1|8.2|-42.9|-37.5|-44.7|-14.4|9.9|29.8|32.7|39.6|37.6|37
2014|15|14.4|6.4|-43.1|-38.6|-47|-17|12.4|34.2|31.1|36.9|39.4|34.5
2014|16|14.7|8.4|-13.4|-46.3|-37.3|-11.2|6.4|34.5|31.6|44.8|38.5|34
2014|17|30.2|3.4|-15.3|-48.8|-41.1|-14.1|18.5|33.6|35.1|47.7|37|36.1
2014|18|22.6|-18|-22.2|-18.6|-49.7|-8.9|10.2|25.5|34.3|43.7|39.7|36.1
2014|19|28.6|-14.8|-24.3|-17.7|-51.9|-11|10.8|24.4|34|42.4|41|34.9
2014|20|20.8|-20.4|-28.3|-13.4|-50.6|-15.5|1.9|24.8|33.8|43.3|40.5|34
2014|21|14.5|-33.9|-10.1|-3.3|-47.7|-10.7|0.1|25|34|41.4|38.5|33.4
2014|22|13.5|0.3|-9.6|-6.2|-37.1|-9.9|1.8|23.9|33.3|38.5|42.3|31.6
2014|23|17.1|-0.6|-15.3|-5.3|-19.8|-10.5|1|21|39|39|43.2|31.8
2014|24|0|-12.8|-21.3|-2.4|-14.1|-13.4|4.8|10|42.4|36.9|35.1|31.8
2014|25|5.9|-15.2|-27.2|-1.7|-20.7|-6.9|16.2|22.1|39.4|34.2|34.7|30.4
2014|26|22.5|-15.2|-36.6|-0.6|-8.1|-1.5|12.6|24.4|35.6|34.9|37|25.2
2014|27|21.4|-23.8|-36.6|2.7|-6.3|-9|10.8|26.8|33.4|35.8|32.5|23.2
2014|28|19.8|-20.7|-19.3|-0.8|2.8|-13.5|4.8|29.1|34.2|39.2|33.8|26.1
2014|29|22.8|-0.6|-18.4|-5.3||-10.7|4.5|30.9|42.6|32.4|32.5|32
2014|30|18.7|-12.5|-10.5|6.6||-9.6|16|30.4|44.1|32.5|32.5|32.5
2014|31|14.4||1|-3.6||-13.4||28.2||36.3|31.3|
2015|1|31.8|8.2|-18.2|-7.1|-17.1|-24.5|-4.4|14.2|27|48.6|37.6|34.5
2015|2|24.3|8.1|-15.3|-13.4|1|-22|2.7|21.6|30.6|49.1|38.5|
2015|3|24.6|6.1|-14.1|-21.5|-23.6|2.5|-11.6|17.1|26.4|46.4|48.7|34.5
2015|4|25.3|-6.9|-14.6|-24.3|-39.3|-12.8|-10.8|16.5|26.1|43.9||33.1
2015|5|17.8|10.8|-13.7|-24.3|-41.8|-15.9|-12.3|14.4|31.1|44.2||33.1
2015|6|20.1|-4.4|-12.5|-26.9|-28.3|-12.8|-2.6|14.7|34|45.1||33.1
2015|7|24.3|-4.2|-25.2|-28.8|-27.9|-3.8|-1.7|14.5|34.3|35.2||34
2015|8|25|-5.4|-18.6|-14.4|-35.3|-17.9|5.4|13.1|34.9|34.2|39.4|32.5
2015|9|25.3|-4|-18.2|-13.4|-41.6|-20.4|8.4|27.3|36.9|36|38.5|30.7
2015|10|23.2|10.4|-34.1|-11.2|-37.1|-36.8|7.7|26.1|36.7|33.1|35.6|32.2
2015|11|22.6|15.6|-33.3|-18.6|-34.8|-41.6|4.1|31.5|33.4|34|35.6|33.1
2015|12|22.8|17.4|-9|-23.3|-38.4|-45.6|8.1|31.6|33.8|35.1|37.8|33.8
2015|13|24.4|15.1|-25.1|-31|-30.8|-43.4|-1.5|30|43.5|35.8|38.3|27.9
2015|14|26.2|11.8|-32.1|-27.9|-25.4|-41.4|-10.8|28.4|42.4|35.4|50.2|31.8
2015|15|24.4|10.2|-17.7|-12.6|-22.7|-35.7|-12.6|28|45.9|36.9|33.4|30
2015|16|19.2|9.1|-21.6|-6|-15.5|-34.1|-6.5|30.6|43|36.9|33.3|30.4
2015|17|23.2|23.5|-16.1|-8.7|-15|-9.6|-6.3|34.5|47.1|37.8|32.7|28.8
2015|18|22.5|16.9|-15.9|-9.9|7.5|-12.3|-6.7|34.5|38.8|43.2|34.2|28.6
2015|19|26.1|20.8|-7.1|-24.9|8.8|-2|7.3|34.5|36|42.6|34.2|28.9
2015|20|26.2|14.2|-2|-17.1|-0.6|-3.3|19.8|34|48.4|43.3|34.3|29.3
2015|21|26.2|12|-11|-9.9|7.7|-11.6|16.3|33.8|49.1|43.3|35.2|29.5
2015|22|23.2||-11.4|-16.2|-1.8|-15.7|12.6|34.9|36|38.3|37.4|28.6
2015|23|19.9|-18|1.8|-17.7|-2.9|-22.7|11.1|34.5|36|0|36.3|21.9
2015|24|12.4|-18|-8.7|-30.1|3|-23.8|3.2|32.9|49.5|34.3|34.9|16.9
2015|25|3.2|-4.5|-6.5|-30.6|2.8|-14.4|20.5|33.8|40.1|36.3|36|24.8
2015|26|14.5|-5.8|-7.6|-29.9|16.2|-11.4|3.4|34.3|39|37.4|41.7|21
2015|27|11.7|-14.8|-36.6|-25.1|-1.3|-8.3|0|31.8|38.8|37.4|36|24.4
2015|28|11.5|-15.5|-21.1|-28.8|-11.4|-3.1|16.2|31.1|43.3|36|35.8|18
2015|29|1.8|-7.8|9.5|-33||-2.4|17.2|31.8|44.4|36.1|33.4|12
2015|30|16.2|-18|-3.5|-26.7||-2.9|14.2|31.5|52.9|36.3|33.3|15.6
2015|31|11.8||-2.6|-12.6||-1.1||29.8||38.5|34.5|
2016|1|17.2|-24.7|-12.5|-9.9|-14.6|1.2|-35.1|26.4|29.1|40.3|42.8|35.8
2016|2|18.1|15.4|-22.2|-7.8|-15.3|3.9|-12.6|26.1|28|42.3|33.8|34.5
2016|3|26.1|14.7|-27.8|-7.4|-9.9|7.2|-10.1|26.1|27.1|41.4|33.6|34.3
2016|4|27.9|10.9|-27.2|-2|-13.4|3.6|-0.8|16|30.4|41.2|34.7|36.9
2016|5|27|8.2|-30.3|6.8|-26.7|-3.3|5.2|14.4|31.8|41.5|34.5|32.4
2016|6|26.2|21|-38.6|8.8|-27.8|-3.6|7.3|17.2|30.6|39.7|39.6|31.1
2016|7|25.5|17.1|-38.9|-9.4|-12.3|0.3|7.5|20.1|34|39.7|40.6|33.4
2016|8|26.1|4.5|-35.3|-10.1|-11.6|0.1|7|19.8|32.7|41.7|40.3|34.2
2016|9|25.9|9.3|-38|-4.9|-6|-2.6||18.9|31.8|41.5|39.6|39.9
2016|10|25.5|-2.7|-35.3|-12.3|-3.1|-5.6|14.4|21.4|30.2|46|39.4|33.8
2016|11|13.5|5.2|-29.9|-15.9|-3.6|-4.9|15.8|30.4|34|43.3|38.1|31.8
2016|12|10.2|-9.6|-17.7|-10.5|-2.6|-7.4|15.1|34.5|47.3|48.2|38.8|33.3
2016|13|9.7|-21.8|-10.8|-8.7|1.6|-19.1|14.5|33.3|39|46.9|40.1|29.8
2016|14|18|-22.7|-5.4|-8.7|3.9|-22.9|8.2|31.8|37.9|53.6|41.2|27.3
2016|15|9|-15.9|-4.7|-2.7|-0.4|-28.1|2.1|27.9|33.6|42.6|41.2|28
2016|16|8.8|-7.8|-12.1|-3.6|-7.8|-30.5|8.6|27|30.7|46|38.3|27.9
2016|17|28|-24.9|-6.3|-19.8|-7.1|-25.8|7.2|27.7|34.5|45|37.9|30.4
2016|18|23.2|-32.3|-4.5|-29.4|-10.7|-27|3.6|29.5|38.8|38.7|49.1|29.8
2016|19|21.9|-32.3|-16.1|-26.3|-12.1|-15.3|14.2|29.8|42.3|34.5|41.2|32.7
2016|20|23.2|-4.5|-7.1|-24|-14.4|-12.6|14.4|27.9|38.8|32.7|37.8|36.3
2016|21|25|-7.4|-25.2|-25.1|-25.1|-10.5|16.9|27.7|33.3|33.6|37.9|33.6
2016|22|23.4|-22|-34.4|-28.5|-1.8|-8.3|17.4|34.3|32.4|34.2|36.9|31.1
2016|23|22.3|-27.9|-33.9|-23.3|-5.6|-10.3|2.8|34|37|34.3|37|34
2016|24|0.7|2.5|-30.1|-11|-7.6|-3.3|6.8|32.7|41.9|35.8|39.7|29.3
2016|25|0.1|3.9|-37.1|-8.7|7|-3.3|18.9|31.6|36.3|37|42.8|25.9
2016|26|16.3|9|-20.2|-17|-2.7|2.5|26.4|31.3|36|36.9|39.2|26.1
2016|27|18.9|2.1|-24|-13.7|8.6|-14.4|24.6|31.3|38.5|47.7|43.3|23.7
2016|28|16.3|5.5|-20|-10.1|5.2|-38.6|21.6|31.3|39.9|41.9|39.4|23.7
2016|29|17.2|4.1|-14.3|-3.3|2.8|-40.4|24.4|30|36.9|38.8|37.2|34.5
2016|30|-10.1|-12.5|-3.5|-12.6||-42.2|24.8|30.7|36.7|37.8|37.8|36.1
2016|31|-24||-9.8|-11.7||-33.2||28.9||36.5|37|
2017|1|33.6|10.6|-24.9|24.4|2.5|-28.8|-29.6|12.2|29.8|36.1|51.6|35.8
2017|2|27.9|21.4|-19.1|19.9|7.5|-13.5|-3.3|16.9|27.9|42.3|48.4|38.1
2017|3|25.5|20.5|-21.6|6.1|1|-9.8|-6.5|16.9|26.2|42.6|42.1|39.4
2017|4|26.4|14.7|-31.7|8.8|-3.6|-33.7|-5.8|19.6|27.3|41|40.5|37.9
2017|5|32.7|8.8|-18.6|-13.7|-7.1|-38.6|10.2|20.8|26.1|46.9|42.6|34.7
2017|6|32.2|9.9|-17.5|-19.1|-3.5|-20.9|8.8|21.2|27.5|52.5|43.9|36.7
2017|7|31.3|-0.9|-29|12.7|-6.5|-22.5|3.9|22.3|28.6|51.1|48.6|37.9
2017|8|32.9|4.6|-27.9|11.7|-20.9|-24.3|2.3|25.5|30.6|48.9|46.6|34
2017|9|24.6|0.7|-25.2|7.2|-37.3|-9|8.1|20.8|27|43.7|40.8|31.8
2017|10|25|-5.6|-12.3|7.3|-33|19.2|7.2|21.9|29.1|43.5|40.6|32.7
2017|11|31.6|18.7|-16.2|-2.6|-22.4|4.1|8.8|20.7|28.9|43|41.5|32.5
2017|12|32.2|8.4|-11.4|-28.7|-32.1|-16.1|1|13.5|29.8|42.3|39.6|32.2
2017|13|29.5|17.4|-0.6|-33.5|-36.2|-24.3|12.7|27.3|28.8|42.4|38.1|43.5
2017|14|28.4|18.3|-15.3|-19.7|-21.5|-21.6|8.2|27.3|27.1|50.2|37.9|42.3
2017|15|24.6|-9.6|-2.6|-34.2|-13.2|-29.9|5.7|27.9|28.8|44.2|37.8|36
2017|16|24.1|-10.8|5.4|-40.4|-15.5|-34.2|5|26.8|30.2|43.5|35.2|34.9
2017|17|24.4|13.6|7.5|-25.4|-36.6|-32.8|5.7|22.3|29.5|42.4|40.8|34.5
2017|18|10|11.1|6.3|-42.5|-23.8|-36.8|0|26.4|32.2|45.9|38.3|32.5
2017|19|6.1|7.3|-11|-47.4|-32.6|-34.2|-8|28.9|36.1|46.4|39|33.4
2017|20|9.5|2.8|-18.6|-44.9|-28.7|-32.1|-14.4|27.9|37.6|38.1|41.2|33.6
2017|21|18.3|4.5|-18|-32.3|-27.9|-13.4|-9.8|27.1|43.5|35.2|39.6|34.3
2017|22|24.1|7.9|-11|-37.1|-41.4|-13.5|-5.1|27.7|42.8|38.3|38.3|34.2
2017|23|12|2.5|-2.4|-39.5|-37.5|-10.5|-12.8|31.6|46.8|38.8|42.3|36
2017|24|5|-0.8|-22.9|-38.6|-8.9|-2.4|-4.2|31.8|50.2|39|38.8|34
2017|25|12.4|-5.1|-25.1|-33.9|-17.3|-11|4.8|30.4|47.3|37.6|37.9|28.6
2017|26|12.7|-10.5|-19.1|-18.8|-12.3|-17.9|3.4|27.9|42.1|39.6|39.6|31.3
2017|27|7|-5.1|-25.2|-9|-28.8|-13.4|-1.5|28.9|37.6|39.7|38.5|26.1
2017|28|10.2|-6.2|-31.5|-10.3|-27|-18.2|3.6|31.8|38.5|44.1|36.1|26.1
2017|29|16.9|-21.3|-33.7|-11.6||-15.3|3|32.9|38.1|46|32.7|30
2017|30|28.9|-25.1|-2.9|-2.6||-20|4.8|32.4|36.5|41.4|35.2|30.7
2017|31|10.2||7.9|13.5||-23.1||30.4||41.2|34.2|
2018|1|33.1|16.2|-5.3|1.8|-4.2|-30.8|-7.4|19.8|29.3|33.8|34.3|31.3
2018|2|32.7|17.2|-1.8|-7.8|1.8|-9.8|-16.4|1|28.6|32.4|32.2|31.6
2018|3|32.4|31.6|7.5|-4.4|-7.2|3.9|-17.7|0|28.2|47.1|31.3|33.3
2018|4|31.5|21|4.5|7.5|-4.2|12.7|-2.6|8.2|29.8|37.9|36.7|33.4
2018|5|33.4|18.1|7.9|-9.2|-33.5|11.8|-7.1|9.9|29.1|36.1|37|44.4
2018|6|33.6|6.1|0.7|-16.6|-35|9.3|0.3|9.7|28.6|39.2|39.6|29.8
2018|7|28.8|16.3|2.7|-21.3|-26|-0.8|0.3|5.2|28.9|36.7|38.8|29.1
2018|8|26.2|13.8|5.5|-15.3|-8.3|-1.3|-11.4|4.3|27.7|34.7|36.9|28.6
2018|9|25.5|15.1|6.4|-23.4|-6|1|2.5|11.7|29.8|35.2|36.3|40.5
2018|10|25|16.3|4.6|-30.6|-4|-5.4|5.2|18.7|31.6|35.2|37.6|33.4
2018|11|25.9|9.1|7.5|-14.3|-3.8|-6|-7.2|25|29.1|36.7|36.5|31.6
2018|12|22.3|24.1|8.8|-21.3|7.3|-5.1|-11.2|27.9|33.3|37.6|32.5|34.2
2018|13|30.2|17.8|10.6|-3.6|-18.4|-0.8|-15.5|29.7|33.4|49.1|30.9|37.9
2018|14|25|4.5|7.9|2.1|-16.6|-1.7|-13|27|32|51.8|29.5|33.4
2018|15|22.5|3.7|3.7|-2.9|14.4|-4.5|-11|25.9|31.6|53.2|36.3|34
2018|16|19.2|12.9|-2.6|-4.4|16.3|-11.4|-0.2|24.1|30.6|39|36.1|31.5
2018|17|13.8|9.3|-9.4|5.2|-11.9|-29.7|3|19.9|29.8|40.5|34.5|30.2
2018|18|15.1|2.8|-11|0.9|0.5|-29.7|-2|16.3|32.7|46.8|34.5|30.4
2018|19|0|-0.9|0.9|-15.9|7.9|-8.7|-8|14.2|29.3|41.5|45|29.7
2018|20|3.7|-12.8|12|-31.4|17.2|-8.3|-15.9|22.8|33.1|40.3|37.6|27.3
2018|21|7.9|-4.4|17.1|-35.7|8.6|-20.7|-22.7|22.6|34|48.4|31.6|27.7
2018|22|-5.6|2.5|12.7|-33.9|11.8|-18.8|-19.5|27.9|33.1|50|31.8|29.3
2018|23|-0.8|5.4|2.7|-22.2|2.5|-9.6|-7.4|27.9|33.1|48.6|32.2|30
2018|24|-5.1|4.8|-6|-29.6|-1.7|-7.1|1.4|26.8|36.1|48.7|31.5|28.8
2018|25|-5.4|-18.8|-8|-26.3|-3.6|-5.6|15.4|24.3|36.1|43.9|31.6|27.3
2018|26|22.5|-18|1.4|-14.3|-5.6|-7.4|12.4|22.8|33.1|41.7|33.4|21
2018|27|26.8|-21.3|6.6|-31.5|-19.1|-3.8|8.2|22.5|34.5|38.8|32.4|23.9
2018|28|14.5|-2.2|6.6|-23.4|-31.2|-20.2|12|23.5|34.7|40.3|31.6|28
2018|29|9|4.1|-14.4|-14.1||-11.6|11.1|22.6|34.3|48.4|35.2|27
2018|30|18.1|3.6|-22.4|-7.6||8.4|15.6|27.3|31.5|53.4|31.5|26.1
2018|31|17.6||-15.2|-3.8||8.8||30.2||43.3|33.1|
2019|1|31.6|15.4|8.8|-8.1|-20|0.7|3.7|19.6|30.9|40.8|48.4|37.9
2019|2|31.6|16.2|8.1|8.8|-20.4|-4.5|-7.2|16.9|30|46.6|46.2|38.5
2019|3|30.7|18.1|8.1|-7.1|-8.1|-0.2|-10.8|14.2|31.6|43.9|44.4|38.8
2019|4|29.7|10.8|6.8|-29|1.9|-2.9|-7.4|16.3|32|48.4|41.5|45.9
2019|5|27.7|-2.7|5.9|-33.2|-1.5|2.8|-2.4|21|32.4|49.1|39.6|39.6
2019|6|22.6|7|-9.4|-26.5|-13.5|10.6|-9.4|19.2|33.1|45.7|37.6|39.7
2019|7|22.3|17.8|-21.3|-31.5|-10.5|8.8|-7.1|18.7|32.7|39.4|37.8|41.7
2019|8|20.7|18.7|-13.9|-40|25|13.5|-15|18|32.2|39.4|37.9|45.1
2019|9|24.3|-0.2|-11.6|-45.2|6.3|7.5|-16.1|19.6|29.8|40.3|36.9|43.3
2019|10|25.9|14.5|-22|-40.5|7.2|-2.7|-2.9|22.6|29.8|39.4|36.3|41.7
2019|11|21|14|-20.4|-34.8|4.5|-17.7|5.5|21.6|33.4|38.7|40.8|39
2019|12|19.8|2.7|-31|-45.8|-4.5|-20.7|4.6|23.5|32.2|43.2|41|38.1
2019|13|27.9|-16.6|-30.8|-24.7|-31.2|-22.7|5.5|28.2|32.2|43.3|46.9|35.4
2019|14|26.2|-20.9|-28.8|-13.4|-37.1|-13.7|9.5|28|31.5|52.3|39.4|34.9
2019|15|25.9|-21.5|-33.7|-9.2|-30.8|-8|11.5|27.3|33.1|46|37.6|34.3
2019|16|26.2|-12.3|-23.3|-13.5|-30.6|-2.6|6.1|28.9|36|47.8|36.3|33.8
2019|17|26.2|10.8|-10.3|-11|-4.7|0.5|10.2|31.8|31.8|43.2|36.7|33.1
2019|18|17.4|8.6|-7.8|-16.6|-0.9|2.3|0.1|30.7|30.6|42.4|36.1|33.6
2019|19|21.6|13.8|-8|-20.9|-11.4|-6.3|-7.8|30.6|35.6|43.5|39.9|32.4
2019|20|23.2|10.9|-5.3|-29|-15|-15.7|-9.6|30.9|34.3|41.9|37.9|34.9
2019|21|20.5|6.3|-8.7|-30.1|-17.3|-15.5|-11.7|31.3|48.7|41.5|35.8|36.7
2019|22|10.6|-4.7|-14.1|-22.2|-26.7|-15.3|6.6|31.5|40.3|46.2|40.6|33.8
2019|23|7|-24|-36|-10.7|-14.8|5.2|7.9|31.5|40.5|43.9|38.5|28.8
2019|24|25.5|-29.7|-39.3|-3.3|11.8|6.1|9.3|30.9|33.4|43.3|39|27.1
2019|25|23.9|-19.5|-14.3|-1.5|0.9|12.4|6.6|30.6|33.1|44.1|42.3|32
2019|26|22.3|-0.8|-25.8|-1.3|-0.8|11.3|2.5|30|32.2|43.3|41.5|29.8
2019|27|8.4|7|-15|1|-5.1|15.3|-0.6|31.5|36.7|44.1|37|29.3
2019|28|3.6|0.9|-13.4|5.5|-2|13.8|1.4|33.1|36.1|45.3|36|32.5
2019|29|0.9|-3.8|-4.5|-16.1||19.4|5.7|31.3|38.1|44.6|38.7|29.8
2019|30|-4.5|-3.6|-20.7|-18.6||17.8|21.2|30.4|38.3|42.4|36.3|33.6
2019|31|-15.2||-4.7|-24.3||19.4||31.6||52.7|36.1|
2020|1|34.9|24|9|-12|-42|-40|-6|-12|30|43|41|34
2020|2|32.2|19|0|-20|-49|-49|-4|1|28|38|40|35
2020|3|28.2|18|-23|-29|-46|-47|-3|-8|32|37|40|37
2020|4|32.7|1|-6|-44|-45|-45|-5|10|32|37|41|37
2020|5|27.5|7|-9|-47|-49|-44|10|-1|31|36|39|37
2020|6|28|13|-16|-47|-50|-33|-1|-3|31|37|41|38
2020|7|21.9|19|1|-47|-51|-30|-12|15|31|37|42|34
2020|8|15.4|9|1|-40|-53|-29|-18|20|31|36|40|34
2020|9|28.6|1|7|-40|-40|-34|-14|23|30|34|40|32
2020|10|24.6|3|14|-37|-40|-43|-16|28|30|34|43|33
2020|11|25.3|11|-3|-29|-41|-48|-20|25|36|33|42|33
2020|12|21.9|8|-10|-30|-41|-40|9|19|37|37|43|29
2020|13|15.1|3|-15|-15|-49|24|12|18|40|37|42|39
2020|14|15|4|-13|-6|-49|1|19|15|34|36|49|35
2020|15|20|5|-11|-20|-48|-13|20|21|33|37|46|34
2020|16|26|4|-10|-17|-47|7|19|24|32|39|41|37
2020|17|29|2|8|-14|-44|1|16|23|35|38|40|32
2020|18|28|-11|-4|-22|-28|13|-7|24|36|35|40|34
2020|19|19|2|-18|-25|-20|15|-10|25|36|34|40|33
2020|20|10|-1|-19|-26|-12|18|1|24|34|37|41|31
2020|21|23|5|-23|-15|-26|7|-2|23|34|36|41|29
2020|22|8|7|-17|-19|-22|-17|11|24|34|37|39|30
2020|23|9|13|-33|-23|-33|-17|5|30|32|48|36|28
2020|24|4|7|-43|-29|-32|12|-9|29|33|38|39|29
2020|25|3|4|-46|-33|-29|-11|-14|29|37|36|37|30
2020|26|1|-3|-42|-38|-46|-31|13|32|36|35|37|30
2020|27|4|17|-40|-44|-48|-38|10|31|36|43|39|30
2020|28|31|10|-41|-48|-48|-35|-10|30|40|41|36|32
2020|29|30|-4|-31|-47|-19|-30|-18|32|37|44|34|27
2020|30|28|0|-28|-33||-18|-8|30|38|49|35|28
2020|31|25||-14|-37||-11||30||42|35|
2021|1|34|17|-2|-29|-40|-48|-14|18|29|34|54|37
2021|2|32|15|-2|-29|-36|-33|-28|12|28|33|47|36
2021|3|27|0|-1|-23|-45|-40|-29|12|31|36|43|37
2021|4|27|2|15|-27|-48|-43|-16|19|32|42|44|36
2021|5|32|9|-1|-34|-46|-24|-18|13|31|45|36|34
2021|6|28|19|-6|-32|-32|-23|-18|15|29|42|34|36
2021|7|28|26|-13|-28|-42|-19|-21|20|32|42|35|36
2021|8|32|10|-5|-18|-44|-11|-34|18|31|50|36|40
2021|9|27|-2|-10|-20|-49|-1|-38|17|32|44|36|34
2021|10|26|4|-3|-15|-52|-8|-32|17|32|40|34|34
2021|11|24|9|-6|0|-39|-27|-32|18|38|36|37|33
2021|12|23|-7|-8|-3|-19|-33|-17|14|35|43|36|29
2021|13|15|-5|-8|-11|-18|-27|-7|19|34|38|37|34
2021|14|12|7|-9|-13|-34|-22|0|23|34|33|43|37
2021|15|21|7|-11|-14|-42|-8|-4|25|42|34|39|36
2021|16|7|11|-12|-25|-41|-13|-8|27|40|42|36|36
2021|17|7|22|-13|-25|-42|-17|15|23|36|45|34|33
2021|18|18|7|-17|-8|-42|-25|18|29|35|52|35|28
2021|19|19|2|-21|-2|-29|-25|9|30|38|55|37|27
2021|20|15|2|-37|-20|-31|-32|9|29|33|50|35|28
2021|21|16|-2|-38|-17|-27|-15|5|29|31|44|40|29
2021|22|34|-11|-24|1|-26|-22|8|34|42|42|36|26
2021|23|21|-9|-10|-5|-40|-16|4|32|38|41|35|25
2021|24|18|12|-9|-6|-32|-20|8|28|36|42|34|22
2021|25|21|8|-11|-18|-40|-14|11|26|34|43|36|26
2021|26|18|5|-14|-17|-46|-28|13|26|34|45|37|17
2021|27|7|2|-19|-18|-47|-38|10|26|52|47|34|18
2021|28|13|1|-14|-23|-45|-42|14|25|43|45|32|27
2021|29|11|1|-13|-29||-17|11|26|39|54|34|21
2021|30|6|5|-9|-30||-9|19|31|38|52|37|21
2021|31|5||-28|-40||-11||28||50|37|
2022|1|28|13|-40|-42|-31|6|-15|11|31|44|33|37
2022|2|30|1|-40|-42|-41|5|-20|19|27|41|32|37
2022|3|25|22|-39|-45|-43|-11|-19|18|26|38|37|35
2022|4|14|17|-27|-43|-38|-11|-27|19|27|39|48|34
2022|5|1|17|-11|-6|-34|7|-28|19|24|42|46|32
2022|6|12|6|14|-24|-46|0|-18|21|25|46|39|34
2022|7|11|18||-31|-54|-16|-6|21|26|44|37|33
2022|8|8|19|-21|-41|-52|-17|-13|22|26|39|35|33
2022|9|17|11|-23|-44|-53|-12|-12|26|27|39|35|38
2022|10|23|1|-15|-42|-37|-28|-16|16|31|40|44|37
2022|11|24|11|-17|-34|-40|-29|6|14|31|43|49|35
2022|12|25|5|-27|-31|-46|-34|-8|27|32|36|47|34
2022|13|27|12|-43|-40|-46|-34|-19|18|32|34|37|35
2022|14|23|-8|-44|-43|-45|-27|-10|12|34|31|36|34
2022|15|14|-11|-45|-35|-46|-29|-6|8|35|30|37|35
2022|16|12|-20|-19|-43|-36|-24|-3|11|35|30|37|33
2022|17|14|-24|-11|-34|-29|-32|-7|17|36|35|37|33
2022|18|15|-14|-6|-34|-28|-31|-4|20|39|39|37|34
2022|19|16|3|-14|-40|-44|-28|-13|22|37|42|38|38
2022|20|10|-16|0|-42|-42|-30|-7|32|34|40|34|37
2022|21|11|-23|-10|-37|-29|-31|-4|28|34|40|33|34
2022|22|7|-32|-13|-22|1|-34|-3|24|49|38|34|33
2022|23|26|-32|-11|-4|-19|-16|-5|23|49|38|37|33
2022|24|28|-27|-29||-21|-8|3|23|46|42|48|34
2022|25|21|-19|-32||-14|-1|8|24|46|38|47|31
2022|26|14|-24|-4||-5|1|8|33|50|38|50|31
2022|27|15|-26|-29||-9|-1|8|30|52|36|40|30
2022|28|10|-34|-43||-3|-4|6|34|50|34|39|29
2022|29|7|-43|-37|||-17|7|30|51|37|39|31
2022|30|-8|-44|-44|||-18|7|31|47|36|40|29
2022|31|18||-43|-21||-20||26||36|39|
2023|1|28|-10|1|-4|-14|-23|-14|14|29|45|49|38
2023|2|28|-1|24|-2|-41|-31|-7|21|29|42|50|37
2023|3|18|2|0|4|-41|-42|-5|20|32|42|44|36
2023|4|16|3|7|11|-38|-42|-21|18|35|42|42|37
2023|5|29|-8|12|2|-37|-24|-26|16|33|51|47|37
2023|6|31|-17|10|-1|-34|2|-30|19|35|52|55|39
2023|7|28|11|7|-1|-28|8|-26|18|32|48|52|35
2023|8|28|18|4|1|-36|1|-33|17|30|38|49|36
2023|9|28|19|2|-11|-26|-21|-10|19|28|41|47|37
2023|10|24|9|-9|-20|-31|-25|-17|22|28|45|41|37
2023|11|22|-7|-10|-9|-23|-2|-27|21|33|45|40|37
2023|12|24|-7|-1|-1|-36|-21|-29|23|36|45|41|40
2023|13|19|7|-3|-2|-43|-28|-17|22|46|43|40|36
2023|14|18|-10|-12|-12|-39|-32|-26|27|43|40|39|34
2023|15|8|-8|-19|-12|-39|-38|-20|24|36|39|42|39
2023|16|20|16|-25|-14|-34|-39|-29|22|34|40|43|38
2023|17|20|22|-27|-2|-32|-39|-19|23|34|44|45|37
2023|18|26|28|-15|-8|-20|-31|-23|25|32|44|41|38
2023|19|27|17|-18|-3|-14|-11|-20|22|40|45|41|34
2023|20|27|22|-30|-5|-33|-2|1|29|42|45|36|30
2023|21|27|13|-33|-7|-38|-2|-7|30|39|52|42|35
2023|22|24|5|-6|-13|-17|-3|-16|31|37|55|38|30
2023|23|16|4|-7|-17|-4|-2|-18|31|36|51|35|31
2023|24|18|0|-15|-20|5|-5|-12|24|35|47|38|28
2023|25|17|4|-40|-23|-15|-13|-15|25|42|46|40|26
2023|26|3|0|-37|-22|-15|5|-9|24|39|45|40|23
2023|27|5|-22|-12|-27|-27|7|-4|29|39|46|41|24
2023|28|12|-33|-12|-18|-34|-5|-6|31|39|49|38|30
2023|29|10|-24|-7|-5||-11|0|30|37|49|37|32
2023|30|2|16|1|-14||-2|10|34|37|52|39|27
2023|31|-9||-4|-10||-10||29||48|39|
2024|1|25|17|-9|-19|-16|-31|-10|-3|27|35|38|34
2024|2|28|19|-9|-16|-26|-17|-21|-3|29|44|36|29
2024|3|21|17|13|-5|-21|-20|-21|12|29|47|39|44
2024|4|18|13|10|1|-13|-23|1|6|31|37|50|39
2024|5|14|16|5|0|-24|-27|0|6|32|36|54|42
2024|6|17|22|-1|-7|-23|-34|-5|13|32|35|50|41
2024|7|4|24|-21|6|-13|-37|-6|19|34|34|56|36
2024|8|5|20|-14|0|-16|-39|-22|17|32|36|53|37
2024|9|29|20|1|0|-7|-43|-29|12|32|37|45|39
2024|10|30|21|-4|-17|-3|-47|-23|23|31|34|45|37
2024|11|3|14|-3|-24|-5|-49|-5|24|30|34|44|38
2024|12|2|9|-1|4|-11|-41|0|24|30|37|43|37
2024|13|14|12|-5|-5|-11|-41|-4|21|32|42|45|39
2024|14|14|13|-1|-11|12|-45|-12|18|31|37|50|38
2024|15|25|15|-3|-2|-4|-44|4|13|31|37|48|35
2024|16|12|11|-9|4|-4|-44|13|31|38|39|44|34
2024|17|21|-1|-18|-1|-9|-30|18|29|34|38|38|39
2024|18|8|-17|-20|9|-3|-20|19|27|32|48|42|32
2024|19|9|-8|-26|-15|-17|-26|22|28|34|47|38|29
2024|20|9|-3|-27|-28|-13|-7|15|28|35|47|36|32
2024|21|13|-11|-25|-35|-1|3|-8|27|34|50|37|35
2024|22|-8|-12|-22|-37|-9|10|-6|26|35|43|44|34
2024|23|-7|8|-11|-23|-20|13|9|29|36|43|39|34
2024|24|27|2|-8|-27|-26|13|16|28|34|54|38|35
2024|25|8|-4|-9|-29|-38|7|11|25|39|46|36|32
2024|26|8|2|1|-38|-33|0|10|17|44|37|32|32
2024|27|26|8|-20|-46|-20|-1|7|31|48|36|37|30
2024|28|24|5|-23|-48|-26|7|3|30|45|36|42|28
2024|29|25|1|-25|-44|-28|12|4|25|44|36|37|23
2024|30|26|5|-20|-19||15|7|27|38|36|36|25
2024|31|24||-18|-14||13||28||36|37|
2025|1|30|||||||||||
2025|2|22|||||||||||
2025|3|26|||||||||||
2025|4|25|||||||||||
2025|5|30|||||||||||
2025|6|26|||||||||||
2025|7|27|||||||||||
2025|8|26|||||||||||
2025|9|28|||||||||||
2025|10|22|||||||||||
2025|11||||||||||||
2025|12||||||||||||
2025|13||||||||||||
2025|14||||||||||||
2025|15||||||||||||
2025|16||||||||||||
2025|17||||||||||||
2025|18||||||||||||
2025|19||||||||||||
2025|20||||||||||||
2025|21||||||||||||
2025|22||||||||||||
2025|23||||||||||||
2025|24||||||||||||
2025|25||||||||||||
2025|26||||||||||||
2025|27||||||||||||
2025|28||||||||||||
2025|29||||||||||||
2025|30||||||||||||
2025|31||||||||||||
