Date|SR
2011-07-01|199
2011-07-02|182
2011-07-03|341
2011-07-04|236
2011-07-05|98
2011-07-06|292
2011-07-07|321
2011-07-08|280
2011-07-09|219
2011-07-10|168
2011-07-11|188
2011-07-12|103
2011-07-13|142
2011-07-14|102
2011-07-15|188
2011-07-16|193
2011-07-17|167
2011-07-18|220
2011-07-19|288
2011-07-20|312
2011-07-21|232
2011-07-22|167
2011-07-23|116
2011-07-24|151
2011-07-25|165
2011-07-26|88
2011-07-27|109
2011-07-28|204
2011-07-29|264
2011-07-30|153
2011-07-31|135
2011-08-01|191
2011-08-02|208
2011-08-03|164
2011-08-04|148
2011-08-05|204
2011-08-06|148
2011-08-07|201
2011-08-08|154
2011-08-09|199
2011-08-10|94
2011-08-11|70
2011-08-12|165
2011-08-13|184
2011-08-14|105
2011-08-15|80
2011-08-16|75
2011-08-17|68
2011-08-18|103
2011-08-19|127
2011-08-20|175
2011-08-21|171
2011-08-22|58
2011-08-23|104
2011-08-24|103
2011-08-25|76
2011-08-26|75
2011-08-27|155
2011-08-28|68
2011-08-29|72
2011-08-30|92
2011-08-31|146
2011-09-01|146
2011-09-02|116
2011-09-03|44
2011-09-04|63
2011-09-05|58
2011-09-06|70
2011-09-07|53
2011-09-08|47
2011-09-09|33
2011-09-10|60
2011-09-11|34
2011-09-12|45
2011-09-13|65
2011-09-14|109
2011-09-15|36
2011-09-16|35
2011-09-17|22
2011-09-18|26
2011-09-19|23
2011-09-20|27
2011-09-21|18
2011-09-22|18
2011-09-23|41
2011-09-24|40
2011-09-25|33
2011-09-26|39
2011-09-27|25
2011-09-28|43
2011-09-29|32
2011-09-30|49
2011-09-30|-99.9
2011-10-01|41
2011-10-02|67
2011-10-03|42
2011-10-04|19
2011-10-05|47
2011-10-06|21
2011-10-07|32
2011-10-08|17
2011-10-09|23
2011-10-10|19
2011-10-11|24
2011-10-12|29
2011-10-13|36
2011-10-14|36
2011-10-15|23
2011-10-16|22
2011-10-17|21
2011-10-18|16
2011-10-19|22
2011-10-20|14
2011-10-21|26
2011-10-22|20
2011-10-23|14
2011-10-24|12
2011-10-25|12
2011-10-26|9
2011-10-27|9
2011-10-28|6
2011-10-29|10
2011-10-30|10
2011-10-31|8
2011-11-01|7
2011-11-02|8
2011-11-03|7
2011-11-04|7
2011-11-05|5
2011-11-06|5
2011-11-07|6
2011-11-08|3
2011-11-09|3
2011-11-10|3
2011-11-11|2
2011-11-12|3
2011-11-13|2
2011-11-14|2
2011-11-15|2
2011-11-16|1
2011-11-17|2
2011-11-18|1
2011-11-19|1
2011-11-20|1
2011-11-21|1
2011-11-22|1
2011-11-23|0
2011-11-24|0
2011-11-25|0
2011-11-26|0
2011-11-27|0
2011-11-28|0
2011-11-29|0
2011-11-30|0
2011-12-01|0
2011-12-02|0
2011-12-03|0
2011-12-04|0
2011-12-05|0
2011-12-06|0
2011-12-07|0
2011-12-08|0
2011-12-09|0
2011-12-10|0
2011-12-11|0
2011-12-12|0
2011-12-13|0
2011-12-14|0
2011-12-15|0
2011-12-16|0
2011-12-17|0
2011-12-18|0
2011-12-19|0
2011-12-20|0
2011-12-21|0
2011-12-22|0
2011-12-23|0
2011-12-24|0
2011-12-25|0
2011-12-26|0
2011-12-27|0
2011-12-28|0
2011-12-29|0
2011-12-30|0
2011-12-31|0
2012-01-01|0
2012-01-02|0
2012-01-03|0
2012-01-04|0
2012-01-05|0
2012-01-06|0
2012-01-07|0
2012-01-08|0
2012-01-09|0
2012-01-10|0
2012-01-11|0
2012-01-12|0
2012-01-13|0
2012-01-14|0
2012-01-15|0
2012-01-16|0
2012-01-17|0
2012-01-18|0
2012-01-19|0
2012-01-20|1
2012-01-21|1
2012-01-22|1
2012-01-23|1
2012-01-24|1
2012-01-25|1
2012-01-26|1
2012-01-27|2
2012-01-28|2
2012-01-29|2
2012-01-30|2
2012-01-31|2
2012-02-01|2
2012-02-02|2
2012-02-03|4
2012-02-04|3
2012-02-05|7
2012-02-06|4
2012-02-07|6
2012-02-08|10
2012-02-09|14
2012-02-10|6
2012-02-11|5
2012-02-12|6
2012-02-13|6
2012-02-14|6
2012-02-15|6
2012-02-16|11
2012-02-17|7
2012-02-18|10
2012-02-19|9
2012-02-20|8
2012-02-21|8
2012-02-22|8
2012-02-23|9
2012-02-24|11
2012-02-25|27
2012-02-26|39
2012-02-27|32
2012-02-28|22
2012-02-29|33
2012-03-01|38
2012-03-02|27
2012-03-03|22
2012-03-04|42
2012-03-05|41
2012-03-06|55
2012-03-07|53
2012-03-08|56
2012-03-09|71
2012-03-10|71
2012-03-11|64
2012-03-12|45
2012-03-13|61
2012-03-14|60
2012-03-15|58
2012-03-16|53
2012-03-17|55
2012-03-18|61
2012-03-19|68
2012-03-20|74
2012-03-21|84
2012-03-22|93
2012-03-23|94
2012-03-24|97
2012-03-25|90
2012-03-26|105
2012-03-27|121
2012-03-28|129
2012-03-29|140
2012-03-30|127
2012-03-31|138
2012-04-01|127
2012-04-02|113
2012-04-03|148
2012-04-04|123
2012-04-05|157
2012-04-06|153
2012-04-07|122
2012-04-08|169
2012-04-09|165
2012-04-10|139
2012-04-11|137
2012-04-12|158
2012-04-13|186
2012-04-14|195
2012-04-15|190
2012-04-16|190
2012-04-17|143
2012-04-18|129
2012-04-19|141
2012-04-20|141
2012-04-21|173
2012-04-22|174
2012-04-23|214
2012-04-24|194
2012-04-25|189
2012-04-26|98
2012-04-27|160
2012-04-28|202
2012-04-29|216
2012-04-30|196
2012-05-01|178
2012-05-02|206
2012-05-03|97
2012-05-04|190
2012-05-05|260
2012-05-06|221
2012-05-07|230
2012-05-08|204
2012-05-09|197
2012-05-10|206
2012-05-11|250
2012-05-12|226
2012-05-13|260
2012-05-14|205
2012-05-15|227
2012-05-16|283
2012-05-17|282
2012-05-18|260
2012-05-19|287
2012-05-20|276
2012-05-21|289
2012-05-22|293
2012-05-23|292
2012-05-24|296
2012-05-25|227
2012-05-26|217
2012-05-27|193
2012-05-28|273
2012-05-29|258
2012-05-30|286
2012-05-31|273
2012-06-01|298
2012-06-02|281
2012-06-03|164
2012-06-04|181
2012-06-05|198
2012-06-06|147
2012-06-07|119
2012-06-08|124
2012-06-09|112
2012-06-10|156
2012-06-11|307
2012-06-12|329
2012-06-13|145
2012-06-14|222
2012-06-15|350
2012-06-16|353
2012-06-17|350
2012-06-18|128
2012-06-19|276
2012-06-20|343
2012-06-21|330
2012-06-22|346
2012-06-23|301
2012-06-24|328
2012-06-25|211
2012-06-26|177
2012-06-27|143
2012-06-28|178
2012-06-29|143
2012-06-30|297
2012-07-01|301
2012-07-02|290
2012-07-03|309
2012-07-04|247
2012-07-05|258
2012-07-06|284
2012-07-07|204
2012-07-08|240
2012-07-09|170
2012-07-10|278
2012-07-11|244
2012-07-12|321
2012-07-13|325
2012-07-14|263
2012-07-15|86
2012-07-16|222
2012-07-17|133
2012-07-18|101
2012-07-19|124
2012-07-20|304
2012-07-21|157
2012-07-22|82
2012-07-23|275
2012-07-24|262
2012-07-25|131
2012-07-26|137
2012-07-27|181
2012-07-28|199
2012-07-29|212
2012-07-30|222
2012-07-31|169
2012-08-01|122
2012-08-02|180
2012-08-03|79
2012-08-04|113
2012-08-05|120
2012-08-06|214
2012-08-07|39
2012-08-08|147
2012-08-09|166
2012-08-10|110
2012-08-11|42
2012-08-12|71
2012-08-13|211
2012-08-14|223
2012-08-15|155
2012-08-16|73
2012-08-17|88
2012-08-18|108
2012-08-19|151
2012-08-20|135
2012-08-21|191
2012-08-22|107
2012-08-23|174
2012-08-24|112
2012-08-25|126
2012-08-26|144
2012-08-27|116
2012-08-28|58
2012-08-29|49
2012-08-30|81
2012-08-31|66
2012-09-01|73
2012-09-02|59
2012-09-03|65
2012-09-04|54
2012-09-05|97
2012-09-06|90
2012-09-07|53
2012-09-08|63
2012-09-09|86
2012-09-10|56
2012-09-11|73
2012-09-12|61
2012-09-13|71
2012-09-14|55
2012-09-15|71
2012-09-16|71
2012-09-17|23
2012-09-18|93
2012-09-19|87
2012-09-20|85
2012-09-21|103
2012-09-22|22
2012-09-23|29
2012-09-24|38
2012-09-25|53
2012-09-26|79
2012-09-27|42
2012-09-28|20
2012-09-29|53
2012-09-30|23
2012-09-30|-99.9
2012-10-01|33
2012-10-02|48
2012-10-03|54
2012-10-04|33
2012-10-05|39
2012-10-06|34
2012-10-07|31
2012-10-08|19
2012-10-09|25
2012-10-10|20
2012-10-11|34
2012-10-12|21
2012-10-13|32
2012-10-14|25
2012-10-15|47
2012-10-16|17
2012-10-17|22
2012-10-18|15
2012-10-19|21
2012-10-20|18
2012-10-21|32
2012-10-22|29
2012-10-23|32
2012-10-24|10
2012-10-25|14
2012-10-26|8
2012-10-27|11
2012-10-28|8
2012-10-29|12
2012-10-30|9
2012-10-31|7
2012-11-01|7
2012-11-02|7
2012-11-03|6
2012-11-04|9
2012-11-05|13
2012-11-06|8
2012-11-07|9
2012-11-08|4
2012-11-09|5
2012-11-10|3
2012-11-11|2
2012-11-12|2
2012-11-13|3
2012-11-14|2
2012-11-15|2
2012-11-16|1
2012-11-17|1
2012-11-18|1
2012-11-19|1
2012-11-20|1
2012-11-21|1
2012-11-22|0
2012-11-23|0
2012-11-24|0
2012-11-25|0
2012-11-26|0
2012-11-27|0
2012-11-28|0
2012-11-29|0
2012-11-30|0
2012-12-01|0
2012-12-02|0
2012-12-03|0
2012-12-04|0
2012-12-05|0
2012-12-06|0
2012-12-07|0
2012-12-08|0
2012-12-09|0
2012-12-10|0
2012-12-11|0
2012-12-12|0
2012-12-13|0
2012-12-14|0
2012-12-15|0
2012-12-16|0
2012-12-17|0
2012-12-18|0
2012-12-19|0
2012-12-20|0
2012-12-21|0
2012-12-22|0
2012-12-23|0
2012-12-24|0
2012-12-25|0
2012-12-26|0
2012-12-27|0
2012-12-28|0
2012-12-29|0
2012-12-30|0
2012-12-31|0
2013-01-01|0
2013-01-02|0
2013-01-03|0
2013-01-04|0
2013-01-05|0
2013-01-06|0
2013-01-07|0
2013-01-08|0
2013-01-09|0
2013-01-10|0
2013-01-11|0
2013-01-12|0
2013-01-13|0
2013-01-14|0
2013-01-15|0
2013-01-16|0
2013-01-17|0
2013-01-18|1
2013-01-19|0
2013-01-20|1
2013-01-21|0
2013-01-22|1
2013-01-23|1
2013-01-24|1
2013-01-25|1
2013-01-26|1
2013-01-27|2
2013-01-28|2
2013-01-29|3
2013-01-30|9
2013-01-31|3
2013-02-01|3
2013-02-02|4
2013-02-03|4
2013-02-04|3
2013-02-05|5
2013-02-06|12
2013-02-07|13
2013-02-08|17
2013-02-09|6
2013-02-10|15
2013-02-11|16
2013-02-12|8
2013-02-13|18
2013-02-14|31
2013-02-15|8
2013-02-16|9
2013-02-17|10
2013-02-18|29
2013-02-19|47
2013-02-20|41
2013-02-21|28
2013-02-22|20
2013-02-23|19
2013-02-24|20
2013-02-25|25
2013-02-26|34
2013-02-27|33
2013-02-28|52
2013-03-01|26
2013-03-02|24
2013-03-03|55
2013-03-04|61
2013-03-05|45
2013-03-06|66
2013-03-07|56
2013-03-08|51
2013-03-09|57
2013-03-10|52
2013-03-11|38
2013-03-12|40
2013-03-13|38
2013-03-14|46
2013-03-15|76
2013-03-16|91
2013-03-17|90
2013-03-18|93
2013-03-19|80
2013-03-20|73
2013-03-21|65
2013-03-22|92
2013-03-23|114
2013-03-24|85
2013-03-25|115
2013-03-26|84
2013-03-27|83
2013-03-28|98
2013-03-29|136
2013-03-30|142
2013-03-31|139
2013-04-01|130
2013-04-02|119
2013-04-03|152
2013-04-04|158
2013-04-05|159
2013-04-06|154
2013-04-07|150
2013-04-08|171
2013-04-09|174
2013-04-10|133
2013-04-11|127
2013-04-12|175
2013-04-13|189
2013-04-14|179
2013-04-15|192
2013-04-16|197
2013-04-17|204
2013-04-18|205
2013-04-19|204
2013-04-20|211
2013-04-21|189
2013-04-22|208
2013-04-23|174
2013-04-24|209
2013-04-25|217
2013-04-26|182
2013-04-27|192
2013-04-28|222
2013-04-29|182
2013-04-30|230
2013-05-01|261
2013-05-02|243
2013-05-03|238
2013-05-04|243
2013-05-05|251
2013-05-06|262
2013-05-07|259
2013-05-08|278
2013-05-09|216
2013-05-10|250
2013-05-11|288
2013-05-12|242
2013-05-13|185
2013-05-14|287
2013-05-15|245
2013-05-16|295
2013-05-17|278
2013-05-18|236
2013-05-19|292
2013-05-20|325
2013-05-21|283
2013-05-22|291
2013-05-23|293
2013-05-24|244
2013-05-25|252
2013-05-26|305
2013-05-27|303
2013-05-28|168
2013-05-29|200
2013-05-30|294
2013-05-31|230
2013-06-01|212
2013-06-02|274
2013-06-03|326
2013-06-04|99
2013-06-05|176
2013-06-06|177
2013-06-07|223
2013-06-08|261
2013-06-09|258
2013-06-10|196
2013-06-11|224
2013-06-12|213
2013-06-13|339
2013-06-14|329
2013-06-15|311
2013-06-16|98
2013-06-17|146
2013-06-18|315
2013-06-19|355
2013-06-20|350
2013-06-21|342
2013-06-22|260
2013-06-23|137
2013-06-24|313
2013-06-25|123
2013-06-26|136
2013-06-27|318
2013-06-28|130
2013-06-29|192
2013-06-30|214
2013-07-01|205
2013-07-02|188
2013-07-03|98
2013-07-04|254
2013-07-05|212
2013-07-06|209
2013-07-07|323
2013-07-08|330
2013-07-09|109
2013-07-10|159
2013-07-11|259
2013-07-12|308
2013-07-13|292
2013-07-14|324
2013-07-15|316
2013-07-16|214
2013-07-17|253
2013-07-18|240
2013-07-19|364
2013-07-20|209
2013-07-21|206
2013-07-22|272
2013-07-23|131
2013-07-24|42
2013-07-25|108
2013-07-26|80
2013-07-27|174
2013-07-28|80
2013-07-29|145
2013-07-30|90
2013-07-31|94
2013-08-01|87
2013-08-02|196
2013-08-03|161
2013-08-04|143
2013-08-05|213
2013-08-06|220
2013-08-07|116
2013-08-08|216
2013-08-09|180
2013-08-10|105
2013-08-11|174
2013-08-12|212
2013-08-13|91
2013-08-14|198
2013-08-15|60
2013-08-16|66
2013-08-17|40
2013-08-18|100
2013-08-19|94
2013-08-20|50
2013-08-21|53
2013-08-22|109
2013-08-23|50
2013-08-24|81
2013-08-25|92
2013-08-26|101
2013-08-27|80
2013-08-28|132
2013-08-29|124
2013-08-30|65
2013-08-31|48
2013-09-01|98
2013-09-02|76
2013-09-03|44
2013-09-04|32
2013-09-05|59
2013-09-06|36
2013-09-07|147
2013-09-08|47
2013-09-09|37
2013-09-10|55
2013-09-11|82
2013-09-12|123
2013-09-13|37
2013-09-14|69
2013-09-15|38
2013-09-16|30
2013-09-17|32
2013-09-18|48
2013-09-19|43
2013-09-20|65
2013-09-21|14
2013-09-22|59
2013-09-23|51
2013-09-24|75
2013-09-25|98
2013-09-26|43
2013-09-27|55
2013-09-28|37
2013-09-29|41
2013-09-30|45
2013-09-30|-99.9
2013-10-01|35
2013-10-02|34
2013-10-03|47
2013-10-04|42
2013-10-05|31
2013-10-06|44
2013-10-07|65
2013-10-08|32
2013-10-09|26
2013-10-10|22
2013-10-11|36
2013-10-12|36
2013-10-13|44
2013-10-14|29
2013-10-15|32
2013-10-16|47
2013-10-17|24
2013-10-18|20
2013-10-19|27
2013-10-20|29
2013-10-21|27
2013-10-22|27
2013-10-23|18
2013-10-24|10
2013-10-25|13
2013-10-26|9
2013-10-27|7
2013-10-28|9
2013-10-29|9
2013-10-30|8
2013-10-31|7
2013-11-01|10
2013-11-02|8
2013-11-03|6
2013-11-04|7
2013-11-05|5
2013-11-06|3
2013-11-07|6
2013-11-08|4
2013-11-09|4
2013-11-10|2
2013-11-11|3
2013-11-12|2
2013-11-13|2
2013-11-14|1
2013-11-15|1
2013-11-16|1
2013-11-17|1
2013-11-18|1
2013-11-19|1
2013-11-20|1
2013-11-21|1
2013-11-22|1
2013-11-23|1
2013-11-24|0
2013-11-25|1
2013-11-26|0
2013-11-27|0
2013-11-28|0
2013-11-29|0
2013-11-30|0
2013-12-01|0
2013-12-02|0
2013-12-03|0
2013-12-04|0
2013-12-05|0
2013-12-06|0
2013-12-07|0
2013-12-08|0
2013-12-09|0
2013-12-10|0
2013-12-11|0
2013-12-12|0
2013-12-13|0
2013-12-14|0
2013-12-15|0
2013-12-16|0
2013-12-17|0
2013-12-18|0
2013-12-19|0
2013-12-20|0
2013-12-21|0
2013-12-22|0
2013-12-23|0
2013-12-24|0
2013-12-25|0
2013-12-26|0
2013-12-27|0
2013-12-28|0
2013-12-29|0
2013-12-30|0
2013-12-31|0
2014-01-01|0
2014-01-02|0
2014-01-03|0
2014-01-04|0
2014-01-05|0
2014-01-06|0
2014-01-07|0
2014-01-08|0
2014-01-09|0
2014-01-10|0
2014-01-11|0
2014-01-12|0
2014-01-13|0
2014-01-14|0
2014-01-15|0
2014-01-16|0
2014-01-17|0
2014-01-18|0
2014-01-19|0
2014-01-20|1
2014-01-21|1
2014-01-22|1
2014-01-23|1
2014-01-24|1
2014-01-25|1
2014-01-26|1
2014-01-27|2
2014-01-28|4
2014-01-29|3
2014-01-30|2
2014-01-31|2
2014-02-01|4
2014-02-02|3
2014-02-03|2
2014-02-04|3
2014-02-05|4
2014-02-06|3
2014-02-07|5
2014-02-08|5
2014-02-09|9
2014-02-10|11
2014-02-11|7
2014-02-12|12
2014-02-13|15
2014-02-14|13
2014-02-15|11
2014-02-16|10
2014-02-17|7
2014-02-18|10
2014-02-19|15
2014-02-20|14
2014-02-21|17
2014-02-22|18
2014-02-23|21
2014-02-24|29
2014-02-25|35
2014-02-26|43
2014-02-27|28
2014-02-28|29
2014-03-01|53
2014-03-02|44
2014-03-03|28
2014-03-04|35
2014-03-05|56
2014-03-06|61
2014-03-07|62
2014-03-08|52
2014-03-09|67
2014-03-10|78
2014-03-11|74
2014-03-12|46
2014-03-13|74
2014-03-14|72
2014-03-15|97
2014-03-16|97
2014-03-17|54
2014-03-18|79
2014-03-19|66
2014-03-20|68
2014-03-21|106
2014-03-22|106
2014-03-23|116
2014-03-24|117
2014-03-25|129
2014-03-26|128
2014-03-27|133
2014-03-28|137
2014-03-29|116
2014-03-30|119
2014-03-31|87
2014-04-01|143
2014-04-02|131
2014-04-03|135
2014-04-04|124
2014-04-05|141
2014-04-06|129
2014-04-07|166
2014-04-08|165
2014-04-09|156
2014-04-10|187
2014-04-11|151
2014-04-12|186
2014-04-13|199
2014-04-14|195
2014-04-15|178
2014-04-16|194
2014-04-17|147
2014-04-18|156
2014-04-19|160
2014-04-20|163
2014-04-21|211
2014-04-22|200
2014-04-23|232
2014-04-24|230
2014-04-25|198
2014-04-26|176
2014-04-27|261
2014-04-28|176
2014-04-29|251
2014-04-30|182
2014-05-01|246
2014-05-02|178
2014-05-03|256
2014-05-04|232
2014-05-05|202
2014-05-06|262
2014-05-07|248
2014-05-08|164
2014-05-09|232
2014-05-10|254
2014-05-11|224
2014-05-12|225
2014-05-13|251
2014-05-14|156
2014-05-15|254
2014-05-16|150
2014-05-17|133
2014-05-18|159
2014-05-19|137
2014-05-20|163
2014-05-21|244
2014-05-22|128
2014-05-23|138
2014-05-24|281
2014-05-25|306
2014-05-26|214
2014-05-27|210
2014-05-28|158
2014-05-29|192
2014-05-30|124
2014-05-31|84
2014-06-01|102
2014-06-02|126
2014-06-03|181
2014-06-04|297
2014-06-05|260
2014-06-06|138
2014-06-07|138
2014-06-08|198
2014-06-09|248
2014-06-10|165
2014-06-11|150
2014-06-12|147
2014-06-13|238
2014-06-14|353
2014-06-15|298
2014-06-16|190
2014-06-17|239
2014-06-18|245
2014-06-19|102
2014-06-20|129
2014-06-21|121
2014-06-22|183
2014-06-23|59
2014-06-24|281
2014-06-25|280
2014-06-26|201
2014-06-27|96
2014-06-28|117
2014-06-29|278
2014-06-30|328
2014-07-01|301
2014-07-02|269
2014-07-03|121
2014-07-04|225
2014-07-05|306
2014-07-06|277
2014-07-07|192
2014-07-08|249
2014-07-09|230
2014-07-10|190
2014-07-11|303
2014-07-12|234
2014-07-13|233
2014-07-14|115
2014-07-15|105
2014-07-16|277
2014-07-17|159
2014-07-18|112
2014-07-19|116
2014-07-20|179
2014-07-21|138
2014-07-22|50
2014-07-23|104
2014-07-24|110
2014-07-25|126
2014-07-26|100
2014-07-27|152
2014-07-28|143
2014-07-29|124
2014-07-30|149
2014-07-31|256
2014-08-01|86
2014-08-02|46
2014-08-03|112
2014-08-04|63
2014-08-05|147
2014-08-06|120
2014-08-07|156
2014-08-08|83
2014-08-09|98
2014-08-10|106
2014-08-11|128
2014-08-12|162
2014-08-13|158
2014-08-14|110
2014-08-15|80
2014-08-16|68
2014-08-17|112
2014-08-18|205
2014-08-19|144
2014-08-20|98
2014-08-21|137
2014-08-22|77
2014-08-23|145
2014-08-24|123
2014-08-25|82
2014-08-26|53
2014-08-27|67
2014-08-28|148
2014-08-29|111
2014-08-30|105
2014-08-31|95
2014-09-01|126
2014-09-02|40
2014-09-03|89
2014-09-04|92
2014-09-05|74
2014-09-06|90
2014-09-07|98
2014-09-08|161
2014-09-09|153
2014-09-10|45
2014-09-11|40
2014-09-12|46
2014-09-13|36
2014-09-14|30
2014-09-15|24
2014-09-16|40
2014-09-17|37
2014-09-18|47
2014-09-19|27
2014-09-20|21
2014-09-21|25
2014-09-22|37
2014-09-23|76
2014-09-24|40
2014-09-25|44
2014-09-26|45
2014-09-27|81
2014-09-28|87
2014-09-29|35
2014-09-30|49
2014-09-30|-99.9
2014-10-01|31
2014-10-02|17
2014-10-03|37
2014-10-04|29
2014-10-05|30
2014-10-06|41
2014-10-07|35
2014-10-08|36
2014-10-09|28
2014-10-10|33
2014-10-11|20
2014-10-12|31
2014-10-13|25
2014-10-14|24
2014-10-15|18
2014-10-16|22
2014-10-17|25
2014-10-18|18
2014-10-19|12
2014-10-20|16
2014-10-21|17
2014-10-22|14
2014-10-23|14
2014-10-24|13
2014-10-25|11
2014-10-26|24
2014-10-27|12
2014-10-28|10
2014-10-29|16
2014-10-30|8
2014-10-31|7
2014-11-01|6
2014-11-02|7
2014-11-03|14
2014-11-04|5
2014-11-05|5
2014-11-06|5
2014-11-07|8
2014-11-08|9
2014-11-09|4
2014-11-10|4
2014-11-11|3
2014-11-12|2
2014-11-13|2
2014-11-14|4
2014-11-15|2
2014-11-16|2
2014-11-17|1
2014-11-18|1
2014-11-19|1
2014-11-20|0
2014-11-21|1
2014-11-22|1
2014-11-23|-99.9
2014-11-24|1
2014-11-25|0
2014-11-26|1
2014-11-27|1
2014-11-28|0
2014-11-29|0
2014-11-30|0
2014-12-01|0
2014-12-02|0
2014-12-03|0
2014-12-04|0
2014-12-05|0
2014-12-06|0
2014-12-07|0
2014-12-08|0
2014-12-09|0
2014-12-10|0
2014-12-11|0
2014-12-12|0
2014-12-13|0
2014-12-14|0
2014-12-15|0
2014-12-16|0
2014-12-17|0
2014-12-18|0
2014-12-19|0
2014-12-20|0
2014-12-21|0
2014-12-22|0
2014-12-23|0
2014-12-24|0
2014-12-25|0
2014-12-26|0
2014-12-27|0
2014-12-28|0
2014-12-29|0
2014-12-30|0
2014-12-31|0
2015-01-01|0
2015-01-02|0
2015-01-03|0
2015-01-04|0
2015-01-05|0
2015-01-06|0
2015-01-07|0
2015-01-08|0
2015-01-09|0
2015-01-10|0
2015-01-11|0
2015-01-12|0
2015-01-13|0
2015-01-14|0
2015-01-15|0
2015-01-16|0
2015-01-17|0
2015-01-18|0
2015-01-19|0
2015-01-20|0
2015-01-21|1
2015-01-22|1
2015-01-23|0
2015-01-24|1
2015-01-25|1
2015-01-26|2
2015-01-27|1
2015-01-28|1
2015-01-29|2
2015-01-30|4
2015-01-31|2
2015-02-01|5
2015-02-02|6
2015-02-03|3
2015-02-04|3
2015-02-05|8
2015-02-06|7
2015-02-07|6
2015-02-08|5
2015-02-09|8
2015-02-10|13
2015-02-11|13
2015-02-12|17
2015-02-13|13
2015-02-14|16
2015-02-15|9
2015-02-16|23
2015-02-17|20
2015-02-18|9
2015-02-19|26
2015-02-20|26
2015-02-21|16
2015-02-22|16
2015-02-23|24
2015-02-24|23
2015-02-25|27
2015-02-26|38
2015-02-27|30
2015-02-28|42
2015-03-01|23
2015-03-02|51
2015-03-03|49
2015-03-04|31
2015-03-05|56
2015-03-06|38
2015-03-07|54
2015-03-08|54
2015-03-09|52
2015-03-10|41
2015-03-11|80
2015-03-12|79
2015-03-13|83
2015-03-14|83
2015-03-15|90
2015-03-16|96
2015-03-17|94
2015-03-18|82
2015-03-19|76
2015-03-20|78
2015-03-21|66
2015-03-22|61
2015-03-23|59
2015-03-24|103
2015-03-25|106
2015-03-26|122
2015-03-27|98
2015-03-28|102
2015-03-29|107
2015-03-30|124
2015-03-31|138
2015-04-01|146
2015-04-02|148
2015-04-03|112
2015-04-04|91
2015-04-05|163
2015-04-06|158
2015-04-07|168
2015-04-08|142
2015-04-09|136
2015-04-10|134
2015-04-11|104
2015-04-12|126
2015-04-13|140
2015-04-14|130
2015-04-15|192
2015-04-16|190
2015-04-17|190
2015-04-18|203
2015-04-19|152
2015-04-20|201
2015-04-21|194
2015-04-22|125
2015-04-23|210
2015-04-24|221
2015-04-25|231
2015-04-26|166
2015-04-27|231
2015-04-28|182
2015-04-29|162
2015-04-30|173
2015-05-01|191
2015-05-02|170
2015-05-03|199
2015-05-04|235
2015-05-05|178
2015-05-06|212
2015-05-07|205
2015-05-08|268
2015-05-09|258
2015-05-10|256
2015-05-11|167
2015-05-12|177
2015-05-13|223
2015-05-14|203
2015-05-15|195
2015-05-16|258
2015-05-17|297
2015-05-18|267
2015-05-19|303
2015-05-20|280
2015-05-21|268
2015-05-22|207
2015-05-23|208
2015-05-24|307
2015-05-25|125
2015-05-26|93
2015-05-27|170
2015-05-28|182
2015-05-29|278
2015-05-30|110
2015-05-31|127
2015-06-01|157
2015-06-02|130
2015-06-03|136
2015-06-04|154
2015-06-05|147
2015-06-06|90
2015-06-07|84
2015-06-08|280
2015-06-09|278
2015-06-10|199
2015-06-11|248
2015-06-12|251
2015-06-13|300
2015-06-14|173
2015-06-15|217
2015-06-16|230
2015-06-17|278
2015-06-18|335
2015-06-19|193
2015-06-20|302
2015-06-21|330
2015-06-22|346
2015-06-23|332
2015-06-24|284
2015-06-25|338
2015-06-26|224
2015-06-27|269
2015-06-28|203
2015-06-29|340
2015-06-30|258
2015-07-01|242
2015-07-02|155
2015-07-03|255
2015-07-04|149
2015-07-05|301
2015-07-06|332
2015-07-07|323
2015-07-08|282
2015-07-09|186
2015-07-10|198
2015-07-11|280
2015-07-12|170
2015-07-13|169
2015-07-14|228
2015-07-15|207
2015-07-16|216
2015-07-17|196
2015-07-18|199
2015-07-19|112
2015-07-20|97
2015-07-21|76
2015-07-22|226
2015-07-23|211
2015-07-24|250
2015-07-25|249
2015-07-26|188
2015-07-27|188
2015-07-28|178
2015-07-29|133
2015-07-30|181
2015-07-31|174
2015-08-01|173
2015-08-02|218
2015-08-03|49
2015-08-04|42
2015-08-05|-99.9
2015-08-06|-99.9
2015-08-07|-99.9
2015-08-08|-99.9
2015-08-09|64
2015-08-10|70
2015-08-11|55
2015-08-12|109
2015-08-13|205
2015-08-14|95
2015-08-15|114
2015-08-16|100
2015-08-17|109
2015-08-18|60
2015-08-19|46
2015-08-20|79
2015-08-21|111
2015-08-22|112
2015-08-23|70
2015-08-24|86
2015-08-25|105
2015-08-26|60
2015-08-27|59
2015-08-28|89
2015-08-29|102
2015-08-30|107
2015-08-31|63
2015-09-01|29
2015-09-02|73
2015-09-03|-99.9
2015-09-04|88
2015-09-05|63
2015-09-06|76
2015-09-07|68
2015-09-08|41
2015-09-09|37
2015-09-10|71
2015-09-11|50
2015-09-12|54
2015-09-13|43
2015-09-14|66
2015-09-15|40
2015-09-16|34
2015-09-17|39
2015-09-18|44
2015-09-19|42
2015-09-20|34
2015-09-21|26
2015-09-22|54
2015-09-23|49
2015-09-24|64
2015-09-25|99
2015-09-26|34
2015-09-27|66
2015-09-28|63
2015-09-29|44
2015-09-30|49
2015-09-30|-99.9
2015-10-01|59
2015-10-02|41
2015-10-03|42
2015-10-04|22
2015-10-05|30
2015-10-06|32
2015-10-07|42
2015-10-08|39
2015-10-09|24
2015-10-10|18
2015-10-11|23
2015-10-12|48
2015-10-13|24
2015-10-14|18
2015-10-15|27
2015-10-16|35
2015-10-17|17
2015-10-18|23
2015-10-19|9
2015-10-20|11
2015-10-21|9
2015-10-22|16
2015-10-23|7
2015-10-24|12
2015-10-25|14
2015-10-26|11
2015-10-27|10
2015-10-28|6
2015-10-29|10
2015-10-30|9
2015-10-31|9
2015-11-01|9
2015-11-02|7
2015-11-03|5
2015-11-04|7
2015-11-05|8
2015-11-06|6
2015-11-07|4
2015-11-08|3
2015-11-09|5
2015-11-10|4
2015-11-11|5
2015-11-12|2
2015-11-13|2
2015-11-14|2
2015-11-15|1
2015-11-16|1
2015-11-17|1
2015-11-18|1
2015-11-19|1
2015-11-20|0
2015-11-21|1
2015-11-22|0
2015-11-23|0
2015-11-24|0
2015-11-25|0
2015-11-26|0
2015-11-27|0
2015-11-28|0
2015-11-29|0
2015-11-30|0
2015-12-01|0
2015-12-02|0
2015-12-03|0
2015-12-04|0
2015-12-05|0
2015-12-06|0
2015-12-07|0
2015-12-08|0
2015-12-09|0
2015-12-10|0
2015-12-11|0
2015-12-12|0
2015-12-13|0
2015-12-14|0
2015-12-15|0
2015-12-16|0
2015-12-17|0
2015-12-18|0
2015-12-19|0
2015-12-20|0
2015-12-21|0
2015-12-22|0
2015-12-23|0
2015-12-24|0
2015-12-25|0
2015-12-26|0
2015-12-27|0
2015-12-28|0
2015-12-29|0
2015-12-30|0
2015-12-31|0
2016-01-01|0
2016-01-02|0
2016-01-03|0
2016-01-04|0
2016-01-05|0
2016-01-06|0
2016-01-07|0
2016-01-08|0
2016-01-09|0
2016-01-10|0
2016-01-11|0
2016-01-12|0
2016-01-13|0
2016-01-14|0
2016-01-15|0
2016-01-16|0
2016-01-17|0
2016-01-18|0
2016-01-19|0
2016-01-20|0
2016-01-21|0
2016-01-22|0
2016-01-23|0
2016-01-24|0
2016-01-25|0
2016-01-26|0
2016-01-27|0
2016-01-28|1
2016-01-29|1
2016-01-30|0
2016-01-31|1
2016-02-01|1
2016-02-02|1
2016-02-03|1
2016-02-04|1
2016-02-05|1
2016-02-06|2
2016-02-07|1
2016-02-08|3
2016-02-09|1
2016-02-10|2
2016-02-11|2
2016-02-12|2
2016-02-13|3
2016-02-14|10
2016-02-15|10
2016-02-16|11
2016-02-17|19
2016-02-18|25
2016-02-19|27
2016-02-20|15
2016-02-21|11
2016-02-22|27
2016-02-23|17
2016-02-24|34
2016-02-25|18
2016-02-26|21
2016-02-27|23
2016-02-28|40
2016-02-29|30
2016-03-01|30
2016-03-02|26
2016-03-03|26
2016-03-04|30
2016-03-05|42
2016-03-06|60
2016-03-07|44
2016-03-08|46
2016-03-09|42
2016-03-10|40
2016-03-11|42
2016-03-12|61
2016-03-13|51
2016-03-14|64
2016-03-15|71
2016-03-16|85
2016-03-17|75
2016-03-18|82
2016-03-19|86
2016-03-20|85
2016-03-21|81
2016-03-22|107
2016-03-23|73
2016-03-24|63
2016-03-25|65
2016-03-26|47
2016-03-27|79
2016-03-28|67
2016-03-29|66
2016-03-30|65
2016-03-31|79
2016-04-01|84
2016-04-02|96
2016-04-03|115
2016-04-04|130
2016-04-05|107
2016-04-06|143
2016-04-07|156
2016-04-08|146
2016-04-09|134
2016-04-10|112
2016-04-11|156
2016-04-12|92
2016-04-13|186
2016-04-14|159
2016-04-15|171
2016-04-16|145
2016-04-17|130
2016-04-18|190
2016-04-19|144
2016-04-20|156
2016-04-21|152
2016-04-22|219
2016-04-23|223
2016-04-24|187
2016-04-25|129
2016-04-26|115
2016-04-27|126
2016-04-28|136
2016-04-29|196
2016-04-30|149
2016-05-01|149
2016-05-02|154
2016-05-03|143
2016-05-04|162
2016-05-05|192
2016-05-06|185
2016-05-07|178
2016-05-08|174
2016-05-09|199
2016-05-10|252
2016-05-11|266
2016-05-12|192
2016-05-13|226
2016-05-14|150
2016-05-15|146
2016-05-16|126
2016-05-17|165
2016-05-18|171
2016-05-19|216
2016-05-20|252
2016-05-21|262
2016-05-22|211
2016-05-23|94
2016-05-24|122
2016-05-25|143
2016-05-26|87
2016-05-27|158
2016-05-28|244
2016-05-29|284
2016-05-30|248
2016-05-31|222
2016-06-01|161
2016-06-02|116
2016-06-03|157
2016-06-04|213
2016-06-05|196
2016-06-06|103
2016-06-07|251
2016-06-08|97
2016-06-09|152
2016-06-10|119
2016-06-11|250
2016-06-12|345
2016-06-13|292
2016-06-14|172
2016-06-15|204
2016-06-16|250
2016-06-17|317
2016-06-18|342
2016-06-19|142
2016-06-20|187
2016-06-21|220
2016-06-22|111
2016-06-23|304
2016-06-24|356
2016-06-25|347
2016-06-26|119
2016-06-27|259
2016-06-28|141
2016-06-29|289
2016-06-30|153
2016-07-01|243
2016-07-02|277
2016-07-03|336
2016-07-04|279
2016-07-05|162
2016-07-06|163
2016-07-07|209
2016-07-08|216
2016-07-09|285
2016-07-10|269
2016-07-11|268
2016-07-12|199
2016-07-13|282
2016-07-14|306
2016-07-15|304
2016-07-16|213
2016-07-17|216
2016-07-18|226
2016-07-19|112
2016-07-20|61
2016-07-21|261
2016-07-22|283
2016-07-23|145
2016-07-24|152
2016-07-25|244
2016-07-26|284
2016-07-27|197
2016-07-28|148
2016-07-29|98
2016-07-30|148
2016-07-31|144
2016-08-01|146
2016-08-02|76
2016-08-03|122
2016-08-04|144
2016-08-05|147
2016-08-06|237
2016-08-07|259
2016-08-08|216
2016-08-09|133
2016-08-10|49
2016-08-11|51
2016-08-12|104
2016-08-13|134
2016-08-14|102
2016-08-15|96
2016-08-16|95
2016-08-17|102
2016-08-18|88
2016-08-19|106
2016-08-20|49
2016-08-21|65
2016-08-22|43
2016-08-23|60
2016-08-24|57
2016-08-25|137
2016-08-26|128
2016-08-27|81
2016-08-28|178
2016-08-29|59
2016-08-30|49
2016-08-31|117
2016-09-01|52
2016-09-02|57
2016-09-03|71
2016-09-04|98
2016-09-05|34
2016-09-06|32
2016-09-07|63
2016-09-08|39
2016-09-09|63
2016-09-10|27
2016-09-11|31
2016-09-12|55
2016-09-13|41
2016-09-14|32
2016-09-15|70
2016-09-16|59
2016-09-17|77
2016-09-18|44
2016-09-19|61
2016-09-20|52
2016-09-21|50
2016-09-22|53
2016-09-23|33
2016-09-24|27
2016-09-25|47
2016-09-26|84
2016-09-27|44
2016-09-28|53
2016-09-29|20
2016-09-30|61
2016-09-30|-99.9
2016-10-01|18
2016-10-02|52
2016-10-03|74
2016-10-04|66
2016-10-05|26
2016-10-06|12
2016-10-07|18
2016-10-08|20
2016-10-09|16
2016-10-10|16
2016-10-11|26
2016-10-12|18
2016-10-13|39
2016-10-14|15
2016-10-15|17
2016-10-16|15
2016-10-17|15
2016-10-18|19
2016-10-19|17
2016-10-20|21
2016-10-21|11
2016-10-22|15
2016-10-23|13
2016-10-24|14
2016-10-25|21
2016-10-26|21
2016-10-27|15
2016-10-28|10
2016-10-29|5
2016-10-30|5
2016-10-31|6
2016-11-01|8
2016-11-02|5
2016-11-03|4
2016-11-04|5
2016-11-05|4
2016-11-06|3
2016-11-07|2
2016-11-08|7
2016-11-09|1
2016-11-10|1
2016-11-11|1
2016-11-12|1
2016-11-13|1
2016-11-14|1
2016-11-15|1
2016-11-16|1
2016-11-17|1
2016-11-18|0
2016-11-19|0
2016-11-20|0
2016-11-21|0
2016-11-22|0
2016-11-23|0
2016-11-24|0
2016-11-25|0
2016-11-26|0
2016-11-27|0
2016-11-28|0
2016-11-29|0
2016-11-30|0
2016-12-01|0
2016-12-02|0
2016-12-03|0
2016-12-04|0
2016-12-05|0
2016-12-06|0
2016-12-07|0
2016-12-08|0
2016-12-09|0
2016-12-10|0
2016-12-11|0
2016-12-12|0
2016-12-13|0
2016-12-14|0
2016-12-15|0
2016-12-16|0
2016-12-17|0
2016-12-18|0
2016-12-19|0
2016-12-20|0
2016-12-21|0
2016-12-22|0
2016-12-23|0
2016-12-24|0
2016-12-25|0
2016-12-26|0
2016-12-27|0
2016-12-28|0
2016-12-29|0
2016-12-30|0
2016-12-31|0
2017-01-01|0
2017-01-02|0
2017-01-03|0
2017-01-04|0
2017-01-05|0
2017-01-06|0
2017-01-07|0
2017-01-08|0
2017-01-09|0
2017-01-10|0
2017-01-11|0
2017-01-12|0
2017-01-13|0
2017-01-14|0
2017-01-15|0
2017-01-16|0
2017-01-17|0
2017-01-18|0
2017-01-19|1
2017-01-20|1
2017-01-21|1
2017-01-22|1
2017-01-23|1
2017-01-24|1
2017-01-25|1
2017-01-26|1
2017-01-27|1
2017-01-28|2
2017-01-29|2
2017-01-30|2
2017-01-31|2
2017-02-01|4
2017-02-02|5
2017-02-03|3
2017-02-04|6
2017-02-05|6
2017-02-06|4
2017-02-07|3
2017-02-08|3
2017-02-09|7
2017-02-10|9
2017-02-11|9
2017-02-12|13
2017-02-13|17
2017-02-14|22
2017-02-15|7
2017-02-16|13
2017-02-17|9
2017-02-18|15
2017-02-19|32
2017-02-20|20
2017-02-21|20
2017-02-22|27
2017-02-23|39
2017-02-24|19
2017-02-25|23
2017-02-26|22
2017-02-27|29
2017-02-28|42
2017-03-01|37
2017-03-02|46
2017-03-03|32
2017-03-04|46
2017-03-05|39
2017-03-06|54
2017-03-07|57
2017-03-08|48
2017-03-09|74
2017-03-10|37
2017-03-11|41
2017-03-12|45
2017-03-13|54
2017-03-14|80
2017-03-15|69
2017-03-16|86
2017-03-17|96
2017-03-18|99
2017-03-19|102
2017-03-20|105
2017-03-21|83
2017-03-22|98
2017-03-23|116
2017-03-24|105
2017-03-25|101
2017-03-26|126
2017-03-27|119
2017-03-28|121
2017-03-29|111
2017-03-30|118
2017-03-31|97
2017-04-01|96
2017-04-02|115
2017-04-03|101
2017-04-04|146
2017-04-05|147
2017-04-06|154
2017-04-07|162
2017-04-08|169
2017-04-09|138
2017-04-10|126
2017-04-11|154
2017-04-12|169
2017-04-13|137
2017-04-14|132
2017-04-15|190
2017-04-16|206
2017-04-17|209
2017-04-18|213
2017-04-19|220
2017-04-20|204
2017-04-21|216
2017-04-22|223
2017-04-23|234
2017-04-24|201
2017-04-25|205
2017-04-26|152
2017-04-27|183
2017-04-28|241
2017-04-29|247
2017-04-30|252
2017-05-01|238
2017-05-02|201
2017-05-03|186
2017-05-04|179
2017-05-05|182
2017-05-06|162
2017-05-07|185
2017-05-08|212
2017-05-09|194
2017-05-10|222
2017-05-11|232
2017-05-12|213
2017-05-13|217
2017-05-14|201
2017-05-15|218
2017-05-16|215
2017-05-17|212
2017-05-18|278
2017-05-19|207
2017-05-20|220
2017-05-21|206
2017-05-22|228
2017-05-23|216
2017-05-24|229
2017-05-25|298
2017-05-26|251
2017-05-27|338
2017-05-28|341
2017-05-29|338
2017-05-30|140
2017-05-31|163
2017-06-01|201
2017-06-02|314
2017-06-03|220
2017-06-04|247
2017-06-05|174
2017-06-06|221
2017-06-07|201
2017-06-08|204
2017-06-09|162
2017-06-10|265
2017-06-11|324
2017-06-12|348
2017-06-13|263
2017-06-14|292
2017-06-15|152
2017-06-16|266
2017-06-17|125
2017-06-18|229
2017-06-19|325
2017-06-20|267
2017-06-21|183
2017-06-22|231
2017-06-23|294
2017-06-24|218
2017-06-25|318
2017-06-26|232
2017-06-27|335
2017-06-28|191
2017-06-29|337
2017-06-30|250
2017-07-01|261
2017-07-02|276
2017-07-03|237
2017-07-04|222
2017-07-05|316
2017-07-06|127
2017-07-07|242
2017-07-08|193
2017-07-09|308
2017-07-10|193
2017-07-11|114
2017-07-12|197
2017-07-13|257
2017-07-14|306
2017-07-15|273
2017-07-16|218
2017-07-17|213
2017-07-18|212
2017-07-19|236
2017-07-20|210
2017-07-21|97
2017-07-22|182
2017-07-23|139
2017-07-24|54
2017-07-25|116
2017-07-26|180
2017-07-27|265
2017-07-28|231
2017-07-29|264
2017-07-30|269
2017-07-31|137
2017-08-01|204
2017-08-02|160
2017-08-03|176
2017-08-04|66
2017-08-05|185
2017-08-06|103
2017-08-07|91
2017-08-08|170
2017-08-09|92
2017-08-10|100
2017-08-11|152
2017-08-12|66
2017-08-13|74
2017-08-14|49
2017-08-15|30
2017-08-16|106
2017-08-17|206
2017-08-18|72
2017-08-19|134
2017-08-20|55
2017-08-21|61
2017-08-22|86
2017-08-23|154
2017-08-24|60
2017-08-25|100
2017-08-26|68
2017-08-27|78
2017-08-28|84
2017-08-29|39
2017-08-30|128
2017-08-31|56
2017-09-01|51
2017-09-02|90
2017-09-03|56
2017-09-04|149
2017-09-05|67
2017-09-06|84
2017-09-07|24
2017-09-08|46
2017-09-09|41
2017-09-10|62
2017-09-11|65
2017-09-12|39
2017-09-13|47
2017-09-14|78
2017-09-15|68
2017-09-16|65
2017-09-17|80
2017-09-18|38
2017-09-19|68
2017-09-20|35
2017-09-21|30
2017-09-22|48
2017-09-23|25
2017-09-24|25
2017-09-25|27
2017-09-26|19
2017-09-27|23
2017-09-28|85
2017-09-29|27
2017-09-30|30
2017-09-30|-99.9
2017-10-01|34
2017-10-02|18
2017-10-03|15
2017-10-04|24
2017-10-05|33
2017-10-06|18
2017-10-07|15
2017-10-08|34
2017-10-09|17
2017-10-10|19
2017-10-11|23
2017-10-12|17
2017-10-13|12
2017-10-14|16
2017-10-15|10
2017-10-16|13
2017-10-17|17
2017-10-18|14
2017-10-19|18
2017-10-20|33
2017-10-21|15
2017-10-22|14
2017-10-23|12
2017-10-24|11
2017-10-25|10
2017-10-26|6
2017-10-27|10
2017-10-28|5
2017-10-29|14
2017-10-30|7
2017-10-31|6
2017-11-01|5
2017-11-02|9
2017-11-03|5
2017-11-04|4
2017-11-05|5
2017-11-06|2
2017-11-07|4
2017-11-08|2
2017-11-09|3
2017-11-10|2
2017-11-11|2
2017-11-12|3
2017-11-13|2
2017-11-14|1
2017-11-15|2
2017-11-16|1
2017-11-17|1
2017-11-18|1
2017-11-19|1
2017-11-20|1
2017-11-21|1
2017-11-22|0
2017-11-23|1
2017-11-24|0
2017-11-25|0
2017-11-26|0
2017-11-27|0
2017-11-28|0
2017-11-29|0
2017-11-30|0
2017-12-01|0
2017-12-02|0
2017-12-03|0
2017-12-04|0
2017-12-05|0
2017-12-06|0
2017-12-07|0
2017-12-08|0
2017-12-09|0
2017-12-10|0
2017-12-11|0
2017-12-12|0
2017-12-13|0
2017-12-14|0
2017-12-15|0
2017-12-16|0
2017-12-17|0
2017-12-18|0
2017-12-19|0
2017-12-20|0
2017-12-21|0
2017-12-22|0
2017-12-23|0
2017-12-24|0
2017-12-25|0
2017-12-26|0
2017-12-27|0
2017-12-28|0
2017-12-29|0
2017-12-30|0
2017-12-31|0
2018-01-01|0
2018-01-02|0
2018-01-03|0
2018-01-04|0
2018-01-05|0
2018-01-06|0
2018-01-07|0
2018-01-08|0
2018-01-09|0
2018-01-10|0
2018-01-11|0
2018-01-12|0
2018-01-13|0
2018-01-14|0
2018-01-15|0
2018-01-16|0
2018-01-17|0
2018-01-18|0
2018-01-19|0
2018-01-20|0
2018-01-21|1
2018-01-22|1
2018-01-23|1
2018-01-24|1
2018-01-25|1
2018-01-26|1
2018-01-27|1
2018-01-28|4
2018-01-29|2
2018-01-30|3
2018-01-31|2
2018-02-01|3
2018-02-02|2
2018-02-03|3
2018-02-04|3
2018-02-05|2
2018-02-06|5
2018-02-07|9
2018-02-08|14
2018-02-09|5
2018-02-10|8
2018-02-11|11
2018-02-12|8
2018-02-13|10
2018-02-14|19
2018-02-15|10
2018-02-16|11
2018-02-17|11
2018-02-18|12
2018-02-19|15
2018-02-20|13
2018-02-21|27
2018-02-22|20
2018-02-23|15
2018-02-24|22
2018-02-25|22
2018-02-26|18
2018-02-27|25
2018-02-28|42
2018-03-01|56
2018-03-02|33
2018-03-03|35
2018-03-04|35
2018-03-05|33
2018-03-06|44
2018-03-07|41
2018-03-08|52
2018-03-09|59
2018-03-10|37
2018-03-11|35
2018-03-12|72
2018-03-13|71
2018-03-14|73
2018-03-15|47
2018-03-16|86
2018-03-17|65
2018-03-18|97
2018-03-19|92
2018-03-20|68
2018-03-21|69
2018-03-22|110
2018-03-23|92
2018-03-24|119
2018-03-25|123
2018-03-26|125
2018-03-27|132
2018-03-28|134
2018-03-29|142
2018-03-30|138
2018-03-31|93
2018-04-01|93
2018-04-02|139
2018-04-03|132
2018-04-04|107
2018-04-05|132
2018-04-06|156
2018-04-07|167
2018-04-08|134
2018-04-09|150
2018-04-10|184
2018-04-11|184
2018-04-12|167
2018-04-13|157
2018-04-14|162
2018-04-15|198
2018-04-16|209
2018-04-17|202
2018-04-18|213
2018-04-19|216
2018-04-20|156
2018-04-21|222
2018-04-22|220
2018-04-23|232
2018-04-24|237
2018-04-25|231
2018-04-26|196
2018-04-27|247
2018-04-28|225
2018-04-29|208
2018-04-30|249
2018-05-01|210
2018-05-02|206
2018-05-03|249
2018-05-04|209
2018-05-05|218
2018-05-06|184
2018-05-07|247
2018-05-08|229
2018-05-09|261
2018-05-10|288
2018-05-11|244
2018-05-12|202
2018-05-13|185
2018-05-14|234
2018-05-15|182
2018-05-16|209
2018-05-17|190
2018-05-18|174
2018-05-19|238
2018-05-20|285
2018-05-21|188
2018-05-22|201
2018-05-23|161
2018-05-24|204
2018-05-25|214
2018-05-26|194
2018-05-27|239
2018-05-28|236
2018-05-29|231
2018-05-30|278
2018-05-31|240
2018-06-01|206
2018-06-02|202
2018-06-03|249
2018-06-04|248
2018-06-05|247
2018-06-06|252
2018-06-07|230
2018-06-08|224
2018-06-09|189
2018-06-10|86
2018-06-11|113
2018-06-12|239
2018-06-13|163
2018-06-14|240
2018-06-15|147
2018-06-16|236
2018-06-17|237
2018-06-18|275
2018-06-19|233
2018-06-20|215
2018-06-21|252
2018-06-22|173
2018-06-23|270
2018-06-24|306
2018-06-25|272
2018-06-26|320
2018-06-27|194
2018-06-28|227
2018-06-29|135
2018-06-30|156
2018-07-01|178
2018-07-02|211
2018-07-03|202
2018-07-04|158
2018-07-05|83
2018-07-06|84
2018-07-07|126
2018-07-08|269
2018-07-09|93
2018-07-10|225
2018-07-11|228
2018-07-12|198
2018-07-13|249
2018-07-14|318
2018-07-15|263
2018-07-16|114
2018-07-17|104
2018-07-18|166
2018-07-19|94
2018-07-20|179
2018-07-21|276
2018-07-22|184
2018-07-23|217
2018-07-24|184
2018-07-25|245
2018-07-26|118
2018-07-27|94
2018-07-28|121
2018-07-29|73
2018-07-30|195
2018-07-31|191
2018-08-01|172
2018-08-02|89
2018-08-03|166
2018-08-04|93
2018-08-05|69
2018-08-06|134
2018-08-07|104
2018-08-08|72
2018-08-09|90
2018-08-10|78
2018-08-11|46
2018-08-12|122
2018-08-13|229
2018-08-14|53
2018-08-15|176
2018-08-16|25
2018-08-17|35
2018-08-18|99
2018-08-19|43
2018-08-20|166
2018-08-21|58
2018-08-22|97
2018-08-23|57
2018-08-24|51
2018-08-25|64
2018-08-26|76
2018-08-27|101
2018-08-28|58
2018-08-29|113
2018-08-30|54
2018-08-31|55
2018-09-01|23
2018-09-02|74
2018-09-03|140
2018-09-04|19
2018-09-05|52
2018-09-06|46
2018-09-07|52
2018-09-08|67
2018-09-09|105
2018-09-10|44
2018-09-11|41
2018-09-12|97
2018-09-13|31
2018-09-14|33
2018-09-15|65
2018-09-16|74
2018-09-17|50
2018-09-18|48
2018-09-19|104
2018-09-20|104
2018-09-21|100
2018-09-22|34
2018-09-23|23
2018-09-24|31
2018-09-25|59
2018-09-26|50
2018-09-27|88
2018-09-28|42
2018-09-29|32
2018-09-30|79
2018-09-30|-99.9
2018-10-01|73
2018-10-02|71
2018-10-03|67
2018-10-04|64
2018-10-05|62
2018-10-06|59
2018-10-07|60
2018-10-08|60
2018-10-09|21
2018-10-10|19
2018-10-11|22
2018-10-12|20
2018-10-13|27
2018-10-14|17
2018-10-15|15
2018-10-16|25
2018-10-17|10
2018-10-18|17
2018-10-19|18
2018-10-20|15
2018-10-21|15
2018-10-22|16
2018-10-23|11
2018-10-24|14
2018-10-25|18
2018-10-26|11
2018-10-27|10
2018-10-28|8
2018-10-29|4
2018-10-30|12
2018-10-31|9
2018-11-01|10
2018-11-02|13
2018-11-03|8
2018-11-04|8
2018-11-05|7
2018-11-06|9
2018-11-07|6
2018-11-08|5
2018-11-09|5
2018-11-10|6
2018-11-11|2
2018-11-12|3
2018-11-13|2
2018-11-14|4
2018-11-15|2
2018-11-16|2
2018-11-17|1
2018-11-18|1
2018-11-19|1
2018-11-20|1
2018-11-21|1
2018-11-22|1
2018-11-23|1
2018-11-24|1
2018-11-25|0
2018-11-26|0
2018-11-27|0
2018-11-28|1
2018-11-29|0
2018-11-30|0
2018-12-01|0
2018-12-02|0
2018-12-03|1
2018-12-04|1
2018-12-05|0
2018-12-06|0
2018-12-07|0
2018-12-08|0
2018-12-09|0
2018-12-10|0
2018-12-11|0
2018-12-12|0
2018-12-13|0
2018-12-14|0
2018-12-15|0
2018-12-16|0
2018-12-17|0
2018-12-18|0
2018-12-19|0
2018-12-20|0
2018-12-21|0
2018-12-22|0
2018-12-23|0
2018-12-24|0
2018-12-25|0
2018-12-26|0
2018-12-27|0
2018-12-28|0
2018-12-29|0
2018-12-30|0
2018-12-31|0
2019-01-01|0
2019-01-02|0
2019-01-03|0
2019-01-04|0
2019-01-05|0
2019-01-06|0
2019-01-07|0
2019-01-08|0
2019-01-09|0
2019-01-10|0
2019-01-11|0
2019-01-12|0
2019-01-13|0
2019-01-14|0
2019-01-15|0
2019-01-16|0
2019-01-17|1
2019-01-18|1
2019-01-19|1
2019-01-20|0
2019-01-21|0
2019-01-22|1
2019-01-23|0
2019-01-24|0
2019-01-25|0
2019-01-26|1
2019-01-27|1
2019-01-28|1
2019-01-29|2
2019-01-30|2
2019-01-31|2
2019-02-01|3
2019-02-02|4
2019-02-03|5
2019-02-04|4
2019-02-05|5
2019-02-06|4
2019-02-07|8
2019-02-08|4
2019-02-09|6
2019-02-10|9
2019-02-11|12
2019-02-12|11
2019-02-13|7
2019-02-14|18
2019-02-15|23
2019-02-16|22
2019-02-17|12
2019-02-18|22
2019-02-19|20
2019-02-20|17
2019-02-21|34
2019-02-22|16
2019-02-23|22
2019-02-24|25
2019-02-25|27
2019-02-26|33
2019-02-27|40
2019-02-28|43
2019-03-01|39
2019-03-02|51
2019-03-03|56
2019-03-04|42
2019-03-05|60
2019-03-06|37
2019-03-07|42
2019-03-08|39
2019-03-09|38
2019-03-10|66
2019-03-11|40
2019-03-12|52
2019-03-13|67
2019-03-14|83
2019-03-15|63
2019-03-16|54
2019-03-17|62
2019-03-18|91
2019-03-19|64
2019-03-20|68
2019-03-21|106
2019-03-22|89
2019-03-23|74
2019-03-24|115
2019-03-25|86
2019-03-26|100
2019-03-27|79
2019-03-28|123
2019-03-29|96
2019-03-30|115
2019-03-31|67
2019-04-01|82
2019-04-02|144
2019-04-03|144
2019-04-04|153
2019-04-05|152
2019-04-06|142
2019-04-07|153
2019-04-08|148
2019-04-09|164
2019-04-10|165
2019-04-11|165
2019-04-12|135
2019-04-13|125
2019-04-14|114
2019-04-15|158
2019-04-16|145
2019-04-17|145
2019-04-18|107
2019-04-19|187
2019-04-20|182
2019-04-21|156
2019-04-22|181
2019-04-23|150
2019-04-24|233
2019-04-25|232
2019-04-26|238
2019-04-27|163
2019-04-28|235
2019-04-29|248
2019-04-30|229
2019-05-01|215
2019-05-02|168
2019-05-03|267
2019-05-04|274
2019-05-05|261
2019-05-06|199
2019-05-07|137
2019-05-08|188
2019-05-09|147
2019-05-10|203
2019-05-11|218
2019-05-12|172
2019-05-13|249
2019-05-14|284
2019-05-15|227
2019-05-16|247
2019-05-17|234
2019-05-18|209
2019-05-19|178
2019-05-20|166
2019-05-21|175
2019-05-22|275
2019-05-23|288
2019-05-24|262
2019-05-25|154
2019-05-26|246
2019-05-27|132
2019-05-28|80
2019-05-29|192
2019-05-30|136
2019-05-31|184
2019-06-01|105
2019-06-02|115
2019-06-03|189
2019-06-04|159
2019-06-05|126
2019-06-06|151
2019-06-07|134
2019-06-08|339
2019-06-09|323
2019-06-10|245
2019-06-11|140
2019-06-12|209
2019-06-13|266
2019-06-14|144
2019-06-15|310
2019-06-16|344
2019-06-17|149
2019-06-18|136
2019-06-19|317
2019-06-20|319
2019-06-21|314
2019-06-22|201
2019-06-23|277
2019-06-24|297
2019-06-25|95
2019-06-26|224
2019-06-27|339
2019-06-28|287
2019-06-29|163
2019-06-30|84
2019-07-01|175
2019-07-02|172
2019-07-03|288
2019-07-04|110
2019-07-05|290
2019-07-06|130
2019-07-07|210
2019-07-08|295
2019-07-09|229
2019-07-10|290
2019-07-11|127
2019-07-12|307
2019-07-13|318
2019-07-14|289
2019-07-15|286
2019-07-16|40
2019-07-17|194
2019-07-18|152
2019-07-19|213
2019-07-20|122
2019-07-21|149
2019-07-22|74
2019-07-23|140
2019-07-24|266
2019-07-25|126
2019-07-26|179
2019-07-27|207
2019-07-28|56
2019-07-29|63
2019-07-30|189
2019-07-31|174
2019-08-01|111
2019-08-02|180
2019-08-03|164
2019-08-04|90
2019-08-05|160
2019-08-06|147
2019-08-07|120
2019-08-08|129
2019-08-09|57
2019-08-10|201
2019-08-11|56
2019-08-12|25
2019-08-13|110
2019-08-14|54
2019-08-15|66
2019-08-16|112
2019-08-17|112
2019-08-18|75
2019-08-19|75
2019-08-20|45
2019-08-21|33
2019-08-22|94
2019-08-23|61
2019-08-24|116
2019-08-25|61
2019-08-26|49
2019-08-27|36
2019-08-28|49
2019-08-29|76
2019-08-30|96
2019-08-31|58
2019-09-01|78
2019-09-02|101
2019-09-03|150
2019-09-04|123
2019-09-05|69
2019-09-06|136
2019-09-07|137
2019-09-08|89
2019-09-09|102
2019-09-10|121
2019-09-11|54
2019-09-12|59
2019-09-13|47
2019-09-14|40
2019-09-15|39
2019-09-16|38
2019-09-17|34
2019-09-18|31
2019-09-19|50
2019-09-20|65
2019-09-21|35
2019-09-22|18
2019-09-23|36
2019-09-24|59
2019-09-25|69
2019-09-26|49
2019-09-27|49
2019-09-28|84
2019-09-29|47
2019-09-30|45
2019-09-30|-99.9
2019-10-01|32
2019-10-02|25
2019-10-03|31
2019-10-04|39
2019-10-05|32
2019-10-06|63
2019-10-07|25
2019-10-08|35
2019-10-09|27
2019-10-10|29
2019-10-11|49
2019-10-12|25
2019-10-13|17
2019-10-14|44
2019-10-15|37.45
2019-10-16|35.52
2019-10-17|32.74
2019-10-18|29.11
2019-10-19|33.73
2019-10-20|42.47
2019-10-21|36.42
2019-10-22|14.67
2019-10-23|20.19
2019-10-24|27.86
2019-10-25|19.92
2019-10-26|14.89
2019-10-27|25.94
2019-10-28|11.75
2019-10-29|7.15
2019-10-30|12.56
2019-10-31|10.24
2019-11-01|7.74
2019-11-02|5.88
2019-11-03|7.2
2019-11-04|7.59
2019-11-05|9.5
2019-11-06|7.15
2019-11-07|2.22
2019-11-08|3.82
2019-11-09|5.32
2019-11-10|5.65
2019-11-11|2.75
2019-11-12|2.69
2019-11-13|2.03
2019-11-14|1.62
2019-11-15|1.48
2019-11-16|1.6
2019-11-17|1.48
2019-11-18|1.2
2019-11-19|2.06
2019-11-20|0.88
2019-11-21|0.59
2019-11-22|0.62
2019-11-23|0.45
2019-11-24|0.34
2019-11-25|0.4
2019-11-26|0.35
2019-11-27|0.32
2019-11-28|0.38
2019-11-29|0.38
2019-11-30|0.28
2019-12-01|0.26
2019-12-02|0.46
2019-12-03|0.29
2019-12-04|0.16
2019-12-05|0.13
2019-12-06|0.15
2019-12-07|0.16
2019-12-08|0.15
2019-12-09|0.22
2019-12-10|0.36
2019-12-11|0.35
2019-12-12|0.22
2019-12-13|0.11
2019-12-14|0.14
2019-12-15|0.15
2019-12-16|0.13
2019-12-17|0.18
2019-12-18|0.34
2019-12-19|0.25
2019-12-20|0.1
2019-12-21|0.07
2019-12-22|0.01
2019-12-23|0.06
2019-12-24|0.01
2019-12-25|0
2019-12-26|0.01
2019-12-27|0.02
2019-12-28|0.03
2019-12-29|0.02
2019-12-30|0.02
2019-12-31|0.03
2020-01-01|0.1
2020-01-02|0.04
2020-01-03|0.04
2020-01-04|0.05
2020-01-05|0.06
2020-01-06|0.04
2020-01-07|0.05
2020-01-08|0.11
2020-01-09|0.13
2020-01-10|0.23
2020-01-11|0.22
2020-01-12|0.28
2020-01-13|0.44
2020-01-14|0.47
2020-01-15|0.4
2020-01-16|0.58
2020-01-17|0.34
2020-01-18|1.12
2020-01-19|0.75
2020-01-20|0.66
2020-01-21|0.68
2020-01-22|0.75
2020-01-23|0.85
2020-01-24|0.96
2020-01-25|0.85
2020-01-26|1.36
2020-01-27|1.44
2020-01-28|1.36
2020-01-29|2.39
2020-01-30|1.63
2020-01-31|2.36
2020-02-01|2.21
2020-02-02|3.53
2020-02-03|5.43
2020-02-04|5.01
2020-02-05|3.51
2020-02-06|3.09
2020-02-07|3.8
2020-02-08|8.33
2020-02-09|3.22
2020-02-10|7.52
2020-02-11|10.48
2020-02-12|12.5
2020-02-13|9.14
2020-02-14|12.54
2020-02-15|14.38
2020-02-16|16.22
2020-02-17|15.01
2020-02-18|18.7
2020-02-19|9.43
2020-02-20|13.39
2020-02-21|17.06
2020-02-22|25.22
2020-02-23|18.58
2020-02-24|27.83
2020-02-25|45.4
2020-02-26|30.06
2020-02-27|48.38
2020-02-28|51.94
2020-02-29|40.16
2020-03-01|33.76
2020-03-02|46.75
2020-03-03|48.75
2020-03-04|41.82
2020-03-05|61.92
2020-03-06|54.33
2020-03-07|65.41
2020-03-08|57.48
2020-03-09|56.25
2020-03-10|72.77
2020-03-11|80.4
2020-03-12|85.7
2020-03-13|49.31
2020-03-14|52.09
2020-03-15|71.25
2020-03-16|67.06
2020-03-17|69.91
2020-03-18|77.93
2020-03-19|93.2
2020-03-20|54.06
2020-03-21|63.91
2020-03-22|75.78
2020-03-23|116.1
2020-03-24|69.77
2020-03-25|76.64
2020-03-26|85.5
2020-03-27|117
2020-03-28|140.2
2020-03-29|131.7
2020-03-30|143
2020-03-31|144.7
2020-04-01|148.3
2020-04-02|151.8
2020-04-03|118.2
2020-04-04|127.1
2020-04-05|147.1
2020-04-06|142.2
2020-04-07|163.2
2020-04-08|155.1
2020-04-09|174.7
2020-04-10|175.7
2020-04-11|184.6
2020-04-12|145.7
2020-04-13|190.1
2020-04-14|145
2020-04-15|134.9
2020-04-16|131.5
2020-04-17|121.4
2020-04-18|135
2020-04-19|210.6
2020-04-20|169
2020-04-21|172.5
2020-04-22|161.7
2020-04-23|122.5
2020-04-24|216
2020-04-25|247.4
2020-04-26|196.9
2020-04-27|208.9
2020-04-28|188.3
2020-04-29|248.1
2020-04-30|262.8
2020-05-01|267.2
2020-05-02|254.6
2020-05-03|258.7
2020-05-04|250.9
2020-05-05|241.4
2020-05-06|236.9
2020-05-07|244.1
2020-05-08|247.9
2020-05-09|264.9
2020-05-10|226.5
2020-05-11|281.2
2020-05-12|199.7
2020-05-13|232.3
2020-05-14|287.9
2020-05-15|181.1
2020-05-16|184.3
2020-05-17|205.9
2020-05-18|204.7
2020-05-19|219
2020-05-20|315.9
2020-05-21|242.9
2020-05-22|301.7
2020-05-23|329.3
2020-05-24|325.7
2020-05-25|265.4
2020-05-26|198.9
2020-05-27|242.2
2020-05-28|245.4
2020-05-29|273.4
2020-05-30|319.8
2020-05-31|338.2
2020-06-01|250.3
2020-06-02|340
2020-06-03|245.2
2020-06-04|351.2
2020-06-05|328.2
2020-06-06|128.6
2020-06-07|136.8
2020-06-08|145.5
2020-06-09|196.1
2020-06-10|275.1
2020-06-11|302.1
2020-06-12|312.6
2020-06-13|284
2020-06-14|284.1
2020-06-15|351.6
2020-06-16|248.1
2020-06-17|254
2020-06-18|102.1
2020-06-19|273.3
2020-06-20|332.3
2020-06-21|194.1
2020-06-22|290.2
2020-06-23|129.3
2020-06-24|209.2
2020-06-25|285.6
2020-06-26|255.9
2020-06-27|333.3
2020-06-28|340.1
2020-06-29|278.9
2020-06-30|232.3
2020-07-01|105.5
2020-07-02|138.9
2020-07-03|293.2
2020-07-04|306
2020-07-05|342.2
2020-07-06|228.8
2020-07-07|181.7
2020-07-08|280
2020-07-09|316.2
2020-07-10|165.5
2020-07-11|302.1
2020-07-12|240.7
2020-07-13|140.3
2020-07-14|187.9
2020-07-15|269.9
2020-07-16|273.5
2020-07-17|129.1
2020-07-18|74.38
2020-07-19|172
2020-07-20|240.6
2020-07-21|125.7
2020-07-22|95.9
2020-07-23|128
2020-07-24|0
2020-07-25|71.98
2020-07-26|294.4
2020-07-27|208
2020-07-28|32.58
2020-07-29|273.7
2020-07-30|99.1
2020-07-31|114.3
2020-08-01|141.2
2020-08-02|175.7
2020-08-03|49.28
2020-08-04|92.5
2020-08-05|152.5
2020-08-06|139.2
2020-08-07|280.3
2020-08-08|106.8
2020-08-09|137.8
2020-08-10|156.3
2020-08-11|151.9
2020-08-12|168.4
2020-08-13|104
2020-08-14|106.2
2020-08-15|151
2020-08-16|161.4
2020-08-17|154.1
2020-08-18|157
2020-08-19|167.1
2020-08-20|187.7
2020-08-21|188.3
2020-08-22|194.5
2020-08-23|129.1
2020-08-24|217.3
2020-08-25|186.6
2020-08-26|132.4
2020-08-27|80.8
2020-08-28|100.9
2020-08-29|59.96
2020-08-30|76.06
2020-08-31|48.97
2020-09-01|29.1
2020-09-02|63.97
2020-09-03|85.3
2020-09-04|76.43
2020-09-05|57.57
2020-09-06|73.5
2020-09-07|71.64
2020-09-08|45.06
2020-09-09|55.37
2020-09-10|56.89
2020-09-11|79.48
2020-09-12|43.83
2020-09-13|121.9
2020-09-14|40.82
2020-09-15|113.7
2020-09-16|44.57
2020-09-17|77.78
2020-09-18|123.1
2020-09-19|36.96
2020-09-20|46.42
2020-09-21|47.29
2020-09-22|45.85
2020-09-23|36.77
2020-09-24|48.26
2020-09-25|38.83
2020-09-26|52.78
2020-09-27|54.19
2020-09-28|50.37
2020-09-29|42.44
2020-09-30|53.4
2020-10-01|45.25
2020-10-02|26.03
2020-10-03|20.67
2020-10-04|73.05
2020-10-05|40.87
2020-10-06|22.76
2020-10-07|47.5
2020-10-08|68.87
2020-10-09|27
2020-10-10|25.69
2020-10-11|22.62
2020-10-12|43.98
2020-10-13|25.85
2020-10-14|35.87
2020-10-15|25.76
2020-10-16|19.46
2020-10-17|43.63
2020-10-18|44.07
2020-10-19|21.88
2020-10-20|10.63
2020-10-21|22.21
2020-10-22|15.33
2020-10-23|11.68
2020-10-24|12.13
2020-10-25|11.4
2020-10-26|11.85
2020-10-27|6.4
2020-10-28|9.03
2020-10-29|12.41
2020-10-30|9.09
2020-10-31|8.91
2020-11-01|10.33
2020-11-02|6.56
2020-11-03|9.86
2020-11-04|8.65
2020-11-05|6.78
2020-11-06|4.53
2020-11-07|3.74
2020-11-08|2.69
2020-11-09|2.57
2020-11-10|3.93
2020-11-11|3.13
2020-11-12|2.31
2020-11-13|2.17
2020-11-14|2.78
2020-11-15|1.34
2020-11-16|1.03
2020-11-17|0.6
2020-11-18|1.29
2020-11-19|1.18
2020-11-20|1.8
2020-11-21|0.83
2020-11-22|0.84
2020-11-23|0.48
2020-11-24|0.36
2020-11-25|0.21
2020-11-26|0.21
2020-11-27|0.11
2020-11-28|0.07
2020-11-29|0.06
2020-11-30|0.06
2020-12-01|0.1
2020-12-02|0.08
2020-12-03|0.09
2020-12-04|0.12
2020-12-05|0.15
2020-12-06|0.12
2020-12-07|0.07
2020-12-08|0.1
2020-12-09|0.12
2020-12-10|0.05
2020-12-11|0.12
2020-12-12|0.1
2020-12-13|0.1
2020-12-14|0.09
2020-12-15|0.05
2020-12-16|0.02
2020-12-17|0.05
2020-12-18|0.06
2020-12-19|0.05
2020-12-20|0.05
2020-12-21|0.03
2020-12-22|0.07
2020-12-23|0.04
2020-12-24|0.06
2020-12-25|0.05
2020-12-26|0.04
2020-12-27|0.03
2020-12-28|0.02
2020-12-29|0.05
2020-12-30|0.03
2020-12-31|0.06
2021-01-01|0.09
2021-01-02|0.04
2021-01-03|0.06
2021-01-04|0.03
2021-01-05|0.06
2021-01-06|0.09
2021-01-07|0.05
2021-01-08|0.05
2021-01-09|0.05
2021-01-10|0.16
2021-01-11|0.11
2021-01-12|0.05
2021-01-13|0.07
2021-01-14|0.3
2021-01-15|0.42
2021-01-16|0.24
2021-01-17|0.99
2021-01-18|0.61
2021-01-19|0.54
2021-01-20|0.48
2021-01-21|0.96
2021-01-22|0.82
2021-01-23|1.6
2021-01-24|1.41
2021-01-25|1.93
2021-01-26|1.34
2021-01-27|1.26
2021-01-28|1.62
2021-01-29|2.58
2021-01-30|1.47
2021-01-31|1.96
2021-02-01|5.56
2021-02-02|5.5
2021-02-03|4.31
2021-02-04|4.09
2021-02-05|4.57
2021-02-06|7.33
2021-02-07|4.19
2021-02-08|12.41
2021-02-09|12.93
2021-02-10|9.1
2021-02-11|17.08
2021-02-12|6.98
2021-02-13|8.63
2021-02-14|6.61
2021-02-15|21.2
2021-02-16|19.16
2021-02-17|18.56
2021-02-18|24.29
2021-02-19|21.65
2021-02-20|15.35
2021-02-21|31.91
2021-02-22|13.84
2021-02-23|19.19
2021-02-24|16.79
2021-02-25|34.05
2021-02-26|33.29
2021-02-27|34.69
2021-02-28|31.72
2021-03-01|36.52
2021-03-02|35.42
2021-03-03|31.68
2021-03-04|41.44
2021-03-05|53.44
2021-03-06|29.24
2021-03-07|39.97
2021-03-08|65.58
2021-03-09|38.5
2021-03-10|83.5
2021-03-11|68.83
2021-03-12|78.48
2021-03-13|99.2
2021-03-14|103.3
2021-03-15|108.5
2021-03-16|89.7
2021-03-17|115.3
2021-03-18|103.7
2021-03-19|104.3
2021-03-20|124.9
2021-03-21|130
2021-03-22|134.8
2021-03-23|133.9
2021-03-24|139.7
2021-03-25|124
2021-03-26|120.9
2021-03-27|146.5
2021-03-28|161.7
2021-03-29|169.9
2021-03-30|156
2021-03-31|141.7
2021-04-01|142.2
2021-04-02|151.5
2021-04-03|186.4
2021-04-04|196.1
2021-04-05|127
2021-04-06|176.4
2021-04-07|195.4
2021-04-08|168.7
2021-04-09|191.9
2021-04-10|224.6
2021-04-11|226.4
2021-04-12|237.4
2021-04-13|198.3
2021-04-14|227.8
2021-04-15|244.9
2021-04-16|233.7
2021-04-17|242.7
2021-04-18|249.2
2021-04-19|252.3
2021-04-20|170.4
2021-04-21|258.9
2021-04-22|233.8
2021-04-23|286.2
2021-04-24|289.5
2021-04-25|280.2
2021-04-26|289.6
2021-04-27|302.5
2021-04-28|305.4
2021-04-29|300.7
2021-04-30|210.7
2021-05-01|190.9
2021-05-02|270.6
2021-05-03|316.2
2021-05-04|214.7
2021-05-05|224.1
2021-05-06|263
2021-05-07|251.5
2021-05-08|272.9
2021-05-09|231.1
2021-05-10|265.6
2021-05-11|253.7
2021-05-12|246.5
2021-05-13|321.8
2021-05-14|281.3
2021-05-15|215.1
2021-05-16|237.9
2021-05-17|254.7
2021-05-18|362.8
2021-05-19|259.3
2021-05-20|242.6
2021-05-21|270.8
2021-05-22|307.2
2021-05-23|226.2
2021-05-24|339.3
2021-05-25|224.8
2021-05-26|206.2
2021-05-27|157
2021-05-28|184.7
2021-05-29|300.7
2021-05-30|321.3
2021-05-31|359.5
2021-06-01|209.3
2021-06-02|247.7
2021-06-03|213.1
2021-06-04|164.3
2021-06-05|152.4
2021-06-06|190.9
2021-06-07|247.4
2021-06-08|265.3
2021-06-09|139.7
2021-06-10|380.9
2021-06-11|376
2021-06-12|258.9
2021-06-13|338.4
2021-06-14|199.5
2021-06-15|370
2021-06-16|350.8
2021-06-17|378.9
2021-06-18|422.6
2021-06-19|386.1
2021-06-20|441.4
2021-06-21|375.7
2021-06-22|361.1
2021-06-23|425.3
2021-06-24|369.5
2021-06-25|254.5
2021-06-26|121.1
2021-06-27|331.8
2021-06-28|299.5
2021-06-29|97.3
2021-06-30|120.7
2021-07-01|155
2021-07-02|120.9
2021-07-03|270
2021-07-04|107.4
2021-07-05|302.8
2021-07-06|382.3
2021-07-07|311.6
2021-07-08|329.6
2021-07-09|271.1
2021-07-10|280.1
2021-07-11|267.7
2021-07-12|298.2
2021-07-13|309.3
2021-07-14|260
2021-07-15|290.2
2021-07-16|291.4
2021-07-17|300
2021-07-18|153.7
2021-07-19|277.2
2021-07-20|318.3
2021-07-21|356.9
2021-07-22|182.3
2021-07-23|152.7
2021-07-24|156.6
2021-07-25|132.9
2021-07-26|298.3
2021-07-27|115.7
2021-07-28|256.6
2021-07-29|164.6
2021-07-30|184.3
2021-07-31|154.8
2021-08-01|169.8
2021-08-02|148.1
2021-08-03|115.8
2021-08-04|202.5
2021-08-05|232.3
2021-08-06|73.77
2021-08-07|185.7
2021-08-08|240.7
2021-08-09|83.7
2021-08-10|135.1
2021-08-11|102
2021-08-12|86.1
2021-08-13|132.8
2021-08-14|152.9
2021-08-15|117.8
2021-08-16|120.9
2021-08-17|205.5
2021-08-18|89
2021-08-19|104.9
2021-08-20|192.5
2021-08-21|139.2
2021-08-22|107.1
2021-08-23|156.1
2021-08-24|94.8
2021-08-25|74.32
2021-08-26|66.49
2021-08-27|91.2
2021-08-28|156.4
2021-08-29|92.7
2021-08-30|76.5
2021-08-31|66.92
2021-09-01|97
2021-09-02|109.5
2021-09-03|75.29
2021-09-04|56.39
2021-09-05|131.2
2021-09-06|59.8
2021-09-07|120.5
2021-09-08|130.9
2021-09-09|124.6
2021-09-10|145.5
2021-09-11|65.29
2021-09-12|60.28
2021-09-13|96
2021-09-14|62.1
2021-09-15|38.26
2021-09-16|55.76
2021-09-17|34.78
2021-09-18|48.8
2021-09-19|61.63
2021-09-20|90.2
2021-09-21|83
2021-09-22|74.45
2021-09-23|69.08
2021-09-24|91.3
2021-09-25|73.94
2021-09-26|61.31
2021-09-27|106
2021-09-28|48.04
2021-09-29|49.85
2021-09-30|59.57
2021-10-01|37.33
2021-10-02|45.94
2021-10-03|51.09
2021-10-04|54.58
2021-10-05|58.89
2021-10-06|55.2
2021-10-07|63.12
2021-10-08|68.23
2021-10-09|52.38
2021-10-10|33.95
2021-10-11|28.97
2021-10-12|31.1
2021-10-13|31.15
2021-10-14|31.29
2021-10-15|28.01
2021-10-16|28.83
2021-10-17|26.31
2021-10-18|28.61
2021-10-19|24.01
2021-10-20|19.27
2021-10-21|20.75
2021-10-22|15.22
2021-10-23|9.78
2021-10-24|13.6
2021-10-25|6.57
2021-10-26|9.53
2021-10-27|11.98
2021-10-28|8.05
2021-10-29|10.68
2021-10-30|8.03
2021-10-31|7.27
2021-11-01|6.95
2021-11-02|7.07
2021-11-03|6.56
2021-11-04|6.62
2021-11-05|10.04
2021-11-06|5.48
2021-11-07|12.51
2021-11-08|4.37
2021-11-09|6.72
2021-11-10|4.33
2021-11-11|3.05
2021-11-12|3.13
2021-11-13|3.26
2021-11-14|2.2
2021-11-15|1.63
2021-11-16|1.82
2021-11-17|1.79
2021-11-18|1.75
2021-11-19|1.44
2021-11-20|1.02
2021-11-21|0.87
2021-11-22|0.94
2021-11-23|0.59
2021-11-24|0.47
2021-11-25|0.32
2021-11-26|0.34
2021-11-27|0.23
2021-11-28|0.16
2021-11-29|0.18
2021-11-30|0.21
2021-12-01|0.13
2021-12-02|0.09
2021-12-03|0.12
2021-12-04|0.15
2021-12-05|0.12
2021-12-06|0.07
2021-12-07|0.07
2021-12-08|-99.9
2021-12-09|0.13
2021-12-10|0.08
2021-12-11|0.05
2021-12-12|0.05
2021-12-13|0.06
2021-12-14|0.08
2021-12-15|0.06
2021-12-16|0.07
2021-12-17|0.07
2021-12-18|0.05
2021-12-19|0.06
2021-12-20|0.04
2021-12-21|0.07
2021-12-22|0.06
2021-12-23|0.05
2021-12-24|0.02
2021-12-25|0.04
2021-12-26|0.03
2021-12-27|0.06
2021-12-28|0.08
2021-12-29|0.05
2021-12-30|0.05
2021-12-31|0.1
2022-01-01|0.08
2022-01-02|0.11
2022-01-03|0.13
2022-01-04|0.16
2022-01-05|0.13
2022-01-06|0.14
2022-01-07|0.2
2022-01-08|0.21
2022-01-09|0.22
2022-01-10|0.24
2022-01-11|0.19
2022-01-12|0.22
2022-01-13|0.3
2022-01-14|0.39
2022-01-15|0.36
2022-01-16|0.33
2022-01-17|0.34
2022-01-18|0.31
2022-01-19|0.64
2022-01-20|0.72
2022-01-21|0.86
2022-01-22|0.67
2022-01-23|0.63
2022-01-24|1
2022-01-25|-99.9
2022-01-26|-99.9
2022-01-27|-99.9
2022-01-28|-99.9
2022-01-29|-99.9
2022-01-30|-99.9
2022-01-31|-99.9
2022-02-01|4.09
2022-02-02|6.32
2022-02-03|7.36
2022-02-04|7.74
2022-02-05|8.65
2022-02-06|8.34
2022-02-07|8.92
2022-02-08|11.33
2022-02-09|8.89
2022-02-10|9.96
2022-02-11|9.69
2022-02-12|15.32
2022-02-13|20.97
2022-02-14|20.26
2022-02-15|23.12
2022-02-16|22.81
2022-02-17|20.64
2022-02-18|31.84
2022-02-19|19.75
2022-02-20|23.13
2022-02-21|24.06
2022-02-22|22.8
2022-02-23|28.92
2022-02-24|22.99
2022-02-25|35.73
2022-02-26|39.9
2022-02-27|32.38
2022-02-28|64.65
2022-03-01|32.34
2022-03-02|35.84
2022-03-03|35.84
2022-03-04|63.41
2022-03-05|66.76
2022-03-06|61.27
2022-03-07|44.56
2022-03-08|81.3
2022-03-09|55.97
2022-03-10|79.28
2022-03-11|92.5
2022-03-12|57.53
2022-03-13|96.3
2022-03-14|96.8
2022-03-15|74.93
2022-03-16|111.5
2022-03-17|83.6
2022-03-18|119.6
2022-03-19|103
2022-03-20|127.1
2022-03-21|130.2
2022-03-22|135.7
2022-03-23|142.1
2022-03-24|127
2022-03-25|147.1
2022-03-26|144.1
2022-03-27|156.1
2022-03-28|157.9
2022-03-29|150.1
2022-03-30|138.7
2022-03-31|174.1
2022-04-01|185.7
2022-04-02|189.6
2022-04-03|170.6
2022-04-04|190.9
2022-04-05|190.3
2022-04-06|207.1
2022-04-07|206.9
2022-04-08|218.2
2022-04-09|160.8
2022-04-10|225
2022-04-11|214.8
2022-04-12|208.6
2022-04-13|170.2
2022-04-14|246.9
2022-04-15|253.5
2022-04-16|248.5
2022-04-17|256.9
2022-04-18|268.6
2022-04-19|271.1
2022-04-20|267.7
2022-04-21|242.2
2022-04-22|278.8
2022-04-23|291
2022-04-24|288.8
2022-04-25|293.9
2022-04-26|256.4
2022-04-27|221.8
2022-04-28|242
2022-04-29|269.2
2022-04-30|302.2
2022-05-01|322.6
2022-05-02|286.2
2022-05-03|248.6
2022-05-04|256.7
2022-05-05|235.8
2022-05-06|229.5
2022-05-07|218.3
2022-05-08|285.5
2022-05-09|340.6
2022-05-10|308.8
2022-05-11|288.2
2022-05-12|271.2
2022-05-13|279.5
2022-05-14|310.4
2022-05-15|347.1
2022-05-16|398
2022-05-17|246.3
2022-05-18|283.6
2022-05-19|261
2022-05-20|310.6
2022-05-21|230.2
2022-05-22|277.5
2022-05-23|274.3
2022-05-24|399.4
2022-05-25|330.2
2022-05-26|386.1
2022-05-27|259.3
2022-05-28|324.9
2022-05-29|206.1
2022-05-30|260.1
2022-05-31|304.3
2022-06-01|440.7
2022-06-02|228.9
2022-06-03|329.8
2022-06-04|271.8
2022-06-05|346.8
2022-06-06|216.9
2022-06-07|220.5
2022-06-08|211.6
2022-06-09|265.1
2022-06-10|208.9
2022-06-11|213
2022-06-12|216.8
2022-06-13|183.5
2022-06-14|253.3
2022-06-15|303.6
2022-06-16|315.6
2022-06-17|323.8
2022-06-18|414.5
2022-06-19|308.8
2022-06-20|443.6
2022-06-21|345.5
2022-06-22|240
2022-06-23|169.9
2022-06-24|254.4
2022-06-25|288.3
2022-06-26|408.3
2022-06-27|283.1
2022-06-28|287.9
2022-06-29|229.8
2022-06-30|272.8
2022-07-01|269.2
2022-07-02|379.3
2022-07-03|310.9
2022-07-04|286.4
2022-07-05|314.8
2022-07-06|325.9
2022-07-07|341.9
2022-07-08|240.7
2022-07-09|258.1
2022-07-10|358.3
2022-07-11|266.7
2022-07-12|193.9
2022-07-13|97.7
2022-07-14|98.2
2022-07-15|217.2
2022-07-16|358.9
2022-07-17|225.8
2022-07-18|330.6
2022-07-19|317.6
2022-07-20|196.8
2022-07-21|395.6
2022-07-22|245.1
2022-07-23|113.2
2022-07-24|68.5
2022-07-25|185.5
2022-07-26|135
2022-07-27|118.4
2022-07-28|70.09
2022-07-29|52.53
2022-07-30|109.5
2022-07-31|209.2
2022-08-01|167.5
2022-08-02|189.3
2022-08-03|292.6
2022-08-04|328.4
2022-08-05|293.3
2022-08-06|200.6
2022-08-07|135.1
2022-08-08|238.6
2022-08-09|128.3
2022-08-10|109.6
2022-08-11|115.1
2022-08-12|133.4
2022-08-13|219.5
2022-08-14|110.4
2022-08-15|58.94
2022-08-16|98.7
2022-08-17|153.3
2022-08-18|92.1
2022-08-19|104.8
2022-08-20|118.2
2022-08-21|112.4
2022-08-22|118.7
2022-08-23|83.2
2022-08-24|129.7
2022-08-25|194.8
2022-08-26|153.9
2022-08-27|132.7
2022-08-28|96.4
2022-08-29|82.9
2022-08-30|71.03
2022-08-31|161.6
2022-09-01|119.3
2022-09-02|100.5
2022-09-03|88.6
2022-09-04|65.56
2022-09-05|42.53
2022-09-06|144.2
2022-09-07|130.2
2022-09-08|89.1
2022-09-09|73.75
2022-09-10|41.68
2022-09-11|57.82
2022-09-12|153.5
2022-09-13|62.71
2022-09-14|59.43
2022-09-15|37.26
2022-09-16|43.46
2022-09-17|80.6
2022-09-18|90.9
2022-09-19|114.4
2022-09-20|82
2022-09-21|76.08
2022-09-22|56.99
2022-09-23|53.16
2022-09-24|52.18
2022-09-25|38.09
2022-09-26|57.24
2022-09-27|41.45
2022-09-28|57.06
2022-09-29|56.43
2022-09-30|29.05
2022-10-01|27.97
2022-10-02|25.12
2022-10-03|27.44
2022-10-04|41.21
2022-10-05|77.83
2022-10-06|44.63
2022-10-07|17.27
2022-10-08|51.94
2022-10-09|40.19
2022-10-10|21.15
2022-10-11|36.68
2022-10-12|47.33
2022-10-13|52.01
2022-10-14|33.7
2022-10-15|28.51
2022-10-16|49.44
2022-10-17|13.35
2022-10-18|15.1
2022-10-19|15.95
2022-10-20|16.97
2022-10-21|17.16
2022-10-22|17.03
2022-10-23|14.06
2022-10-24|17.46
2022-10-25|12.72
2022-10-26|10.89
2022-10-27|20.59
2022-10-28|12.86
2022-10-29|10.12
2022-10-30|7.43
2022-10-31|18.06
2022-11-01|16.98
2022-11-02|13.48
2022-11-03|6.02
2022-11-04|6.26
2022-11-05|2.26
2022-11-06|5.94
2022-11-07|3.94
2022-11-08|3.58
2022-11-09|5.4
2022-11-10|2.99
2022-11-11|3.85
2022-11-12|2.81
2022-11-13|2.27
2022-11-14|1.04
2022-11-15|1.21
2022-11-16|1.98
2022-11-17|1.64
2022-11-18|1.55
2022-11-19|1.38
2022-11-20|1.64
2022-11-21|1.51
2022-11-22|0.68
2022-11-23|0.57
2022-11-24|0.86
2022-11-25|0.6
2022-11-26|0.46
2022-11-27|0.41
2022-11-28|0.48
2022-11-29|0.49
2022-11-30|0.24
2022-12-01|0.18
2022-12-02|0.25
2022-12-03|0.14
2022-12-04|0.17
2022-12-05|0.26
2022-12-06|0.12
2022-12-07|0.14
2022-12-08|0.14
2022-12-09|0.1
2022-12-10|0.14
2022-12-11|0.11
2022-12-12|0.07
2022-12-13|0.09
2022-12-14|0.08
2022-12-15|0.1
2022-12-16|0.09
2022-12-17|0.1
2022-12-18|0.07
2022-12-19|0.11
2022-12-20|0.1
2022-12-21|0.06
2022-12-22|0.08
2022-12-23|0.13
2022-12-24|0.09
2022-12-25|0.12
2022-12-26|0.08
2022-12-27|0.05
2022-12-28|0.06
2022-12-29|0.08
2022-12-30|0.1
2022-12-31|0.1
2023-01-01|0.13
2023-01-02|0.06
2023-01-03|0.12
2023-01-04|0.09
2023-01-05|0.19
2023-01-06|0.14
2023-01-07|0.14
2023-01-08|0.15
2023-01-09|0.19
2023-01-10|0.18
2023-01-11|0.17
2023-01-12|0.24
2023-01-13|0.21
2023-01-14|0.4
2023-01-15|0.4
2023-01-16|0.5
2023-01-17|0.39
2023-01-18|0.6
2023-01-19|0.8
2023-01-20|0.74
2023-01-21|0.98
2023-01-22|0.74
2023-01-23|1.23
2023-01-24|1.6
2023-01-25|1.92
2023-01-26|1.34
2023-01-27|1.7
2023-01-28|3.52
2023-01-29|2.25
2023-01-30|2.38
2023-01-31|5.91
2023-02-01|4.8
2023-02-02|8.25
2023-02-03|9.55
2023-02-04|5.17
2023-02-05|4.72
2023-02-06|5.85
2023-02-07|3.94
2023-02-08|4.52
2023-02-09|4.23
2023-02-10|6.54
2023-02-11|4.96
2023-02-12|8.37
2023-02-13|8.22
2023-02-14|7.84
2023-02-15|8.24
2023-02-16|12.33
2023-02-17|13.4
2023-02-18|13.9
2023-02-19|14.11
2023-02-20|12.54
2023-02-21|16.97
2023-02-22|23.8
2023-02-23|25.74
2023-02-24|27.33
2023-02-25|29.43
2023-02-26|40.86
2023-02-27|31.71
2023-02-28|36.56
2023-03-01|55.85
2023-03-02|44.59
2023-03-03|44.09
2023-03-04|57.08
2023-03-05|64.99
2023-03-06|51.03
2023-03-07|57.96
2023-03-08|56.76
2023-03-09|48.75
2023-03-10|74.26
2023-03-11|77.38
2023-03-12|71.02
2023-03-13|83.3
2023-03-14|87.1
2023-03-15|100.7
2023-03-16|108.3
2023-03-17|112
2023-03-18|117.9
2023-03-19|109.8
2023-03-20|107.4
2023-03-21|116.9
2023-03-22|127.3
2023-03-23|138.9
2023-03-24|107.3
2023-03-25|142.9
2023-03-26|148.1
2023-03-27|78.38
2023-03-28|117.1
2023-03-29|156.9
2023-03-30|170.7
2023-03-31|174.2
2023-04-01|156.8
2023-04-02|180.2
2023-04-03|154.3
2023-04-04|161.3
2023-04-05|187.5
2023-04-06|197
2023-04-07|202.3
2023-04-08|200.2
2023-04-09|221
2023-04-10|165.3
2023-04-11|167.8
2023-04-12|234.8
2023-04-13|233.5
2023-04-14|242.6
2023-04-15|244.9
2023-04-16|204.2
2023-04-17|242.9
2023-04-18|246.6
2023-04-19|263.4
2023-04-20|260.7
2023-04-21|209.7
2023-04-22|228.1
2023-04-23|291.7
2023-04-24|284.8
2023-04-25|219
2023-04-26|275
2023-04-27|257.2
2023-04-28|263.8
2023-04-29|306.5
2023-04-30|312.4
2023-05-01|267
2023-05-02|256
2023-05-03|229.6
2023-05-04|276.1
2023-05-05|302
2023-05-06|287.3
2023-05-07|265.6
2023-05-08|293.2
2023-05-09|269.5
2023-05-10|265.8
2023-05-11|244.7
2023-05-12|256.1
2023-05-13|287.7
2023-05-14|362.7
2023-05-15|360.1
2023-05-16|265
2023-05-17|247.6
2023-05-18|284.5
2023-05-19|349.2
2023-05-20|401.7
2023-05-21|259.8
2023-05-22|379.7
2023-05-23|408.2
2023-05-24|280.8
2023-05-25|232.4
2023-05-26|204.6
2023-05-27|202.1
2023-05-28|193.8
2023-05-29|250.8
2023-05-30|323.4
2023-05-31|190
2023-06-01|145.1
2023-06-02|296.5
2023-06-03|245.6
2023-06-04|333
2023-06-05|377.5
2023-06-06|363.9
2023-06-07|407.1
2023-06-08|363.4
2023-06-09|209.1
2023-06-10|245.9
2023-06-11|335.9
2023-06-12|380.3
2023-06-13|416.8
2023-06-14|183.4
2023-06-15|176.6
2023-06-16|88.9
2023-06-17|266.1
2023-06-18|195.3
2023-06-19|320.2
2023-06-20|259.1
2023-06-21|155.7
2023-06-22|302.1
2023-06-23|229.7
2023-06-24|390.9
2023-06-25|376.4
2023-06-26|342.5
2023-06-27|149.9
2023-06-28|309.9
2023-06-29|362.4
2023-06-30|273.3
2023-07-01|376.2
2023-07-02|275.5
2023-07-03|339.2
2023-07-04|391.6
2023-07-05|197
2023-07-06|310.6
2023-07-07|212
2023-07-08|297.8
2023-07-09|73.39
2023-07-10|234.7
2023-07-11|282.7
2023-07-12|362.7
2023-07-13|78.7
2023-07-14|267.5
2023-07-15|147.9
2023-07-16|171.3
2023-07-17|305.8
2023-07-18|283.2
2023-07-19|306.1
2023-07-20|222.1
2023-07-21|245.5
2023-07-22|205
2023-07-23|272.1
2023-07-24|354.5
2023-07-25|240.5
2023-07-26|334.1
2023-07-27|326.4
2023-07-28|301.5
2023-07-29|289.6
2023-07-30|306.4
2023-07-31|161
2023-08-01|179.1
2023-08-02|194.1
2023-08-03|225.4
2023-08-04|151.7
2023-08-05|247.9
2023-08-06|302.2
2023-08-07|262.4
2023-08-08|227.2
2023-08-09|66.45
2023-08-10|64.38
2023-08-11|82.5
2023-08-12|115.4
2023-08-13|98.5
2023-08-14|104.2
2023-08-15|74.01
2023-08-16|153.5
2023-08-17|170.2
2023-08-18|46.3
2023-08-19|134.4
2023-08-20|102.8
2023-08-21|257.3
2023-08-22|133.9
2023-08-23|90.8
2023-08-24|123.4
2023-08-25|163.5
2023-08-26|110.7
2023-08-27|67.29
2023-08-28|111.8
2023-08-29|118.2
2023-08-30|77.15
2023-08-31|100.7
2023-09-01|144.8
2023-09-02|91.8
2023-09-03|118
2023-09-04|92.9
2023-09-05|123.3
2023-09-06|68.68
2023-09-07|59.15
2023-09-08|83.6
2023-09-09|90.3
2023-09-10|46.12
2023-09-11|105.2
2023-09-12|42.16
2023-09-13|32.84
2023-09-14|106
2023-09-15|95.5
2023-09-16|26.38
2023-09-17|55.07
2023-09-18|35.94
2023-09-19|42.21
2023-09-20|103.6
2023-09-21|81.3
2023-09-22|22.93
2023-09-23|32.91
2023-09-24|41.89
2023-09-25|79.99
2023-09-26|95.8
2023-09-27|105.8
2023-09-28|85.4
2023-09-29|75.78
2023-09-30|83.3
2023-10-01|91.9
2023-10-02|19.46
2023-10-03|45.64
2023-10-04|53.08
2023-10-05|54.58
2023-10-06|66.6
2023-10-07|51.4
2023-10-08|60.5
2023-10-09|66.75
2023-10-10|31.63
2023-10-11|28.2
2023-10-12|50.28
2023-10-13|32.77
2023-10-14|31.7
2023-10-15|24.38
2023-10-16|28.24
2023-10-17|34.7
2023-10-18|28.61
2023-10-19|33.91
2023-10-20|23.24
2023-10-21|15.92
2023-10-22|35.43
2023-10-23|32.43
2023-10-24|17.07
2023-10-25|15.99
2023-10-26|22.28
2023-10-27|10.17
2023-10-28|12.46
2023-10-29|12.31
2023-10-30|13.28
2023-10-31|8.86
2023-11-01|10.51
2023-11-02|7.4
2023-11-03|6.76
2023-11-04|9.13
2023-11-05|6.81
2023-11-06|5.2
2023-11-07|3.45
2023-11-08|3.31
2023-11-09|3.41
2023-11-10|2.61
2023-11-11|3.35
2023-11-12|2.58
2023-11-13|4.01
2023-11-14|2.89
2023-11-15|2.45
2023-11-16|1.79
2023-11-17|1.17
2023-11-18|1.19
2023-11-19|2.37
2023-11-20|1.42
2023-11-21|1.6
2023-11-22|1.19
2023-11-23|1
2023-11-24|0.54
2023-11-25|0.84
2023-11-26|0.95
2023-11-27|0.37
2023-11-28|0.23
2023-11-29|0.39
2023-11-30|0.18
2023-12-01|0.23
2023-12-02|0.34
2023-12-03|0.24
2023-12-04|0.18
2023-12-05|0.09
2023-12-06|0.1
2023-12-07|0.12
2023-12-08|0.13
2023-12-09|0.09
2023-12-10|0.05
2023-12-11|0.07
2023-12-12|0.09
2023-12-13|0.07
2023-12-14|0.11
2023-12-15|0.03
2023-12-16|0.08
2023-12-17|0.11
2023-12-18|0.07
2023-12-19|0.04
2023-12-20|0.06
2023-12-21|0.04
2023-12-22|0.02
2023-12-23|0.04
2023-12-24|0.06
2023-12-25|0.04
2023-12-26|0.05
2023-12-27|0.03
2023-12-28|0.11
2023-12-29|0.09
2023-12-30|0.11
2023-12-31|0.06
2024-01-01|0.07
2024-01-02|0.08
2024-01-03|0.07
2024-01-04|0.15
2024-01-05|0.09
2024-01-06|0.09
2024-01-07|0.19
2024-01-08|0.13
2024-01-09|0.23
2024-01-10|0.3
2024-01-11|0.35
2024-01-12|0.29
2024-01-13|0.42
2024-01-14|0.53
2024-01-15|0.43
2024-01-16|0.57
2024-01-17|0.58
2024-01-18|0.55
2024-01-19|0.38
2024-01-20|0.74
2024-01-21|1.06
2024-01-22|1.33
2024-01-23|1.9
2024-01-24|1.3
2024-01-25|1.27
2024-01-26|1.54
2024-01-27|2.48
2024-01-28|2.97
2024-01-29|2.88
2024-01-30|1.75
2024-01-31|3.48
2024-02-01|4.37
2024-02-02|4.94
2024-02-03|5.44
2024-02-04|5.94
2024-02-05|6.16
2024-02-06|5.1
2024-02-07|6.28
2024-02-08|6.32
2024-02-09|11.82
2024-02-10|7.38
2024-02-11|7.4
2024-02-12|6.56
2024-02-13|14.07
2024-02-14|11.72
2024-02-15|19.7
2024-02-16|14.28
2024-02-17|17.52
2024-02-18|20.9
2024-02-19|16.72
2024-02-20|36.66
2024-02-21|17.46
2024-02-22|26.33
2024-02-23|31.21
2024-02-24|46.59
2024-02-25|51.67
2024-02-26|54.34
2024-02-27|28.79
2024-02-28|37.08
2024-02-29|44.35
2024-03-01|46.99
2024-03-02|61.63
2024-03-03|55.79
2024-03-04|39.96
2024-03-05|63.76
2024-03-06|72.94
2024-03-07|82.6
2024-03-08|86.4
2024-03-09|79.14
2024-03-10|90.8
2024-03-11|95.2
2024-03-12|91.4
2024-03-13|98.4
2024-03-14|89.7
2024-03-15|110.8
2024-03-16|112.1
2024-03-17|116.6
2024-03-18|88.8
2024-03-19|77.22
2024-03-20|128.9
2024-03-21|108.9
2024-03-22|98.2
2024-03-23|129.4
2024-03-24|119.3
2024-03-25|84
2024-03-26|91.4
2024-03-27|154.3
2024-03-28|143.1
2024-03-29|127.2
2024-03-30|120
2024-03-31|105.4
2024-04-01|130.5
2024-04-02|172.7
2024-04-03|151.9
2024-04-04|161.6
2024-04-05|145.9
2024-04-06|196.6
2024-04-07|192
2024-04-08|185.3
2024-04-09|214.6
2024-04-10|228.3
2024-04-11|234.6
2024-04-12|189.3
2024-04-13|196.2
2024-04-14|200.8
2024-04-15|237.4
2024-04-16|209.4
2024-04-17|234.2
2024-04-18|234
2024-04-19|213.7
2024-04-20|213.5
2024-04-21|198.3
2024-04-22|273.1
2024-04-23|243.5
2024-04-24|248.3
2024-04-25|227
2024-04-26|270.5
2024-04-27|282.4
2024-04-28|297.9
2024-04-29|317.3
2024-04-30|251.6
2024-05-01|312.4
2024-05-02|329.2
2024-05-03|263.6
2024-05-04|286.7
2024-05-05|279.6
2024-05-06|253.2
2024-05-07|240
2024-05-08|264.9
2024-05-09|267.9
2024-05-10|333.8
2024-05-11|259.6
2024-05-12|247.4
2024-05-13|315.7
2024-05-14|296.2
2024-05-15|350.5
2024-05-16|385.1
2024-05-17|370.3
2024-05-18|344.5
2024-05-19|280.9
2024-05-20|246.9
2024-05-21|292.2
2024-05-22|308.3
2024-05-23|297.5
2024-05-24|264.1
2024-05-25|246.2
2024-05-26|237.3
2024-05-27|300.2
2024-05-28|315.4
2024-05-29|326.3
2024-05-30|444.1
2024-05-31|404.5
2024-06-01|318.3
2024-06-02|319.8
2024-06-03|219.6
2024-06-04|214.3
2024-06-05|205.5
2024-06-06|238.3
2024-06-07|174.7
2024-06-08|245.8
2024-06-09|212.8
2024-06-10|250.7
2024-06-11|336.8
2024-06-12|326.5
2024-06-13|415.4
2024-06-14|458.5
2024-06-15|217.2
2024-06-16|387
2024-06-17|404.8
2024-06-18|374.8
2024-06-19|407.4
2024-06-20|356.2
2024-06-21|303.8
2024-06-22|433.1
2024-06-23|406.8
2024-06-24|426.3
2024-06-25|409.1
2024-06-26|432
2024-06-27|387.3
2024-06-28|421
2024-06-29|398.7
2024-06-30|199
2024-07-01|403.9
2024-07-02|294.3
2024-07-03|119.8
2024-07-04|170.2
2024-07-05|63.74
2024-07-06|245.3
2024-07-07|106.3
2024-07-08|244
2024-07-09|253.9
2024-07-10|433.7
2024-07-11|252.4
2024-07-12|198.9
2024-07-13|369
2024-07-14|272.2
2024-07-15|110.2
2024-07-16|271.5
2024-07-17|281.9
2024-07-18|281.5
2024-07-19|220.6
2024-07-20|325.1
2024-07-21|251.9
2024-07-22|289.6
2024-07-23|97.2
2024-07-24|269
2024-07-25|353.6
2024-07-26|322.9
2024-07-27|57.37
2024-07-28|62.54
2024-07-29|113
2024-07-30|130.4
2024-07-31|127.2
2024-08-01|149.9
2024-08-02|100.5
2024-08-03|222.7
2024-08-04|199.7
2024-08-05|175.3
2024-08-06|300.5
2024-08-07|272.7
2024-08-08|165.6
2024-08-09|97.1
2024-08-10|198.3
2024-08-11|188.2
2024-08-12|102.7
2024-08-13|123
2024-08-14|141.5
2024-08-15|81.5
2024-08-16|138.9
2024-08-17|75.88
2024-08-18|130.1
2024-08-19|87.1
2024-08-20|154.3
2024-08-21|102.1
2024-08-22|110.7
2024-08-23|129.7
2024-08-24|79.35
2024-08-25|86.1
2024-08-26|137.1
2024-08-27|222.4
2024-08-28|212.8
2024-08-29|157.3
2024-08-30|108.4
2024-08-31|69.61
2024-09-01|42.65
2024-09-02|107.7
2024-09-03|202.4
2024-09-04|90.6
2024-09-05|180.9
2024-09-06|87
2024-09-07|46.59
2024-09-08|87.9
2024-09-09|93.4
2024-09-10|86.1
2024-09-11|149.6
2024-09-12|71.42
2024-09-13|69.89
2024-09-14|66.88
2024-09-15|82.8
2024-09-16|68.53
2024-09-17|62.6
2024-09-18|42.21
2024-09-19|81.3
2024-09-20|118.7
2024-09-21|68.2
2024-09-22|34.17
2024-09-23|53.87
2024-09-24|28.09
2024-09-25|56.26
2024-09-26|45.13
2024-09-27|58.19
2024-09-28|35.42
2024-09-29|51.38
2024-09-30|103.7
2024-10-01|48.4
2024-10-02|23.48
2024-10-03|60.55
2024-10-04|29.63
2024-10-05|36.71
2024-10-06|20.6
2024-10-07|25.18
2024-10-08|28.86
2024-10-09|23.62
